年度,項目,管制編號,事業名稱,直接排放量(公噸CO2e),能源間接排放量(公噸CO2e),合計排放量(公噸CO2e),縣市別,行業分類,七大製造業
112,34,L9101748,中美和石油化學股份有限公司台中廠,"155,795.34","29,438.19","185,233.53",台中市,化學原材料製造業,石化業
112,53,L91A1845,亞東工業氣體股份有限公司台中分公司,"6,517.16","70,736.79","77,253.95",台中市,化學原材料製造業,石化業
112,54,B9503291,亞東工業氣體股份有限公司中科園區分公司二廠,5.139,"75,993.80","75,998.94",台中市,化學原材料製造業,石化業
112,60,B9501153,聯亞科技股份有限公司中科聯豐工廠,9.3035,"56,662.20","56,671.50",台中市,化學原材料製造業,石化業
112,67,L91A2566,藍海氣體工業股份有限公司台中廠,103.488,"43,478.42","43,581.91",台中市,化學原材料製造業,石化業
112,70,L9202231,三福氣體股份有限公司中科分公司中科二廠,87.0767,"35,381.55","35,468.62",台中市,化學原材料製造業,石化業
112,72,L92A0991,三福氣體股份有限公司中科分公司中科三廠,0.6225,"33,019.65","33,020.28",台中市,化學原材料製造業,石化業
112,87,L02A1943,餘慶堂興業股份有限公司研磨廠,"17,708.20","23,691.45","41,399.65",台中市,水泥及其製品製造業,非金屬業
112,90,B23B6125,台灣積體電路製造股份有限公司十五B廠,"140,542.41","1,567,673.04","1,708,215.45",台中市,半導體製造業,電子業
112,91,L95A2041,台灣積體電路製造股份有限公司15廠,"162,883.72","830,364.09","993,247.81",台中市,半導體製造業,電子業
112,94,L9202099,台灣美光記憶體股份有限公司台中一廠,"110,168.50","537,333.60","647,502.10",台中市,半導體製造業,電子業
112,109,B9205905,台灣美光記憶體股份有限公司台中三廠,"41,482.22","281,727.14","323,209.36",台中市,半導體製造業,電子業
112,112,L9506056,華邦電子股份有限公司中科廠,"32,108.58","251,278.93","283,387.51",台中市,半導體製造業,電子業
112,123,B9502212,矽品精密工業股份有限公司中科廠,"5,422.53","205,090.83","210,513.36",台中市,半導體製造業,電子業
112,127,B9202664,台灣美光記憶體股份有限公司台中二廠,"10,214.34","175,963.59","186,177.93",台中市,半導體製造業,電子業
112,143,L9402188,矽品精密工業股份有限公司中山廠,"1,368.77","108,670.90","110,039.67",台中市,半導體製造業,電子業
112,147,B9503479,台灣積體電路製造股份有限公司先進封測五廠,758.91,"88,143.94","88,902.85",台中市,半導體製造業,電子業
112,149,L9401476,矽品精密工業股份有限公司大豐廠,"7,853.11","75,647.73","83,500.84",台中市,半導體製造業,電子業
112,213,B23A2532,亞東工業氣體股份有限公司-中科園區分公司,54.1453,"56,451.80","56,505.95",台中市,未分類其他化學製品製造業,石化業
112,219,L9506663,聯亞科技股份有限公司中科工廠,3.0564,"51,023.48","51,026.54",台中市,未分類其他製造業,其他業
112,224,L91A0867,台灣中油股份有限公司天然氣事業部台中液化天然氣廠,"2,060.76","64,159.93","66,220.69",台中市,石油及煤製品製造業,石化業
112,225,B2313780,友達光電股份有限公司台中廠,"19,097.41","847,846.82","866,944.23",台中市,光電材料及元件製造業,電子業
112,231,L92A0931,友達光電股份有限公司后里廠,"6,793.18","344,400.75","351,193.93",台中市,光電材料及元件製造業,電子業
112,246,B9200124,友達晶材股份有限公司后里廠,116.5727,"37,030.47","37,147.04",台中市,光電材料及元件製造業,電子業
112,252,B24B8988,大立光電股份有限公司七廠,489.4588,"70,346.66","70,836.12",台中市,光學儀器及設備製造業,電子業
112,253,B24B8998,大立光電股份有限公司七之一廠,685.6557,"52,277.53","52,963.19",台中市,光學儀器及設備製造業,電子業
112,254,B24A7498,大立光電股份有限公司精密機械園區廠,497.2466,"39,978.76","40,476.01",台中市,光學儀器及設備製造業,電子業
112,290,B2313762,宏全國際股份有限公司台中二廠,711.5168,"35,246.20","35,957.71",台中市,其他金屬製品製造業,其他業
112,292,B2311535,台灣康寧顯示玻璃股份有限公司,"37,778.34","309,048.54","346,826.89",台中市,其他非金屬礦物製品製造業,非金屬業
112,295,L02A0301,中聯資源股份有限公司台中廠,"33,097.63","24,737.98","57,835.61",台中市,其他非金屬礦物製品製造業,非金屬業
112,302,L9000666,味丹企業股份有限公司沙鹿第一工廠,"35,504.87","12,140.13","47,645.00",台中市,其他食品製造業,其他業
112,308,L8900676,永豐餘消費品實業股份有限公司清水廠,"35,845.76","27,731.66","63,577.42",台中市,其他紙製品製造業,造紙業
112,323,L91A3247,台灣肥料股份有限公司台中廠,"372,488.83","41,432.07","413,920.90",台中市,肥料及氮化合物製造業,其他業
112,326,B9100709,華新麗華股份有限公司台中不銹鋼廠,"41,455.13","39,201.62","80,656.76",台中市,金屬加工處理業,其他業
112,352,L9100198,台灣玻璃工業股份有限公司台中廠,"80,236.35","18,958.34","99,194.68",台中市,玻璃及其製品製造業,非金屬業
112,363,L9200693,正隆股份有限公司后里分公司,"803,581.87","36,273.43","839,855.31",台中市,紙漿、紙及紙板製造業,造紙業
112,370,L8801052,廣源造紙股份有限公司台中廠,"68,702.42","35,129.33","103,831.75",台中市,紙漿、紙及紙板製造業,造紙業
112,385,L8901039,中聯油脂股份有限公司台中港廠,"30,735.24","15,541.88","46,277.12",台中市,動植物油脂製造業,其他業
112,429,L0200633,中龍鋼鐵股份有限公司,"9,054,468.02","161,898.04","9,216,366.06",台中市,鋼鐵製造業,鋼鐵業
112,430,L9200728,豐興鋼鐵股份有限公司,"197,345.96","499,394.27","696,740.22",台中市,鋼鐵製造業,鋼鐵業
112,458,L0200473,台灣電力股份有限公司台中發電廠,"26,146,002.06","2,976.90","26,148,978.95",台中市,電力供應業,電力業
112,369,V7500777,中華紙漿股份有限公司台東廠,"106,307.67","47,151.95","153,459.62",台東縣,紙漿、紙及紙板製造業,造紙業
112,7,R1001791,台南紡織股份有限公司太子廠,"23,813.18","53,816.76","77,629.94",台南市,人造纖維製造業,石化業
112,31,D0403385,三福氣體股份有限公司南科分公司南科8廠,402.3846,"217,718.84","218,121.23",台南市,化學原材料製造業,石化業
112,37,D0306069,聯亞科技股份有限公司樹谷工廠,63.4415,"167,277.09","167,340.54",台南市,化學原材料製造業,石化業
112,56,R9001631,三福氣體股份有限公司南科廠,355.6225,"67,622.02","67,977.65",台南市,化學原材料製造業,石化業
112,77,D32A9989,亞東工業氣體股份有限公司台南廠,"7,560.85","23,336.96","30,897.80",台南市,化學原材料製造業,石化業
112,79,R8400416,臺灣紙業股份有限公司新營紙廠,"6,915.25","20,101.53","27,016.77",台南市,化學原材料製造業,石化業
112,92,R9001677,台灣積體電路製造股份有限公司十四廠,"173,807.29","736,957.10","910,764.39",台南市,半導體製造業,電子業
112,93,D9000746,台灣積體電路製造股份有限公司十四B廠,"82,437.62","660,548.79","742,986.40",台南市,半導體製造業,電子業
112,95,D0402208,台灣積體電路製造股份有限公司十八廠一期,"30,057.36","512,594.36","542,651.71",台南市,半導體製造業,電子業
112,97,D0402431,台灣積體電路製造股份有限公司十八廠二期,"35,823.40","482,349.50","518,172.90",台南市,半導體製造業,電子業
112,98,D0402904,台灣積體電路製造股分有限公司18廠三期,"32,785.37","464,360","497,145.37",台南市,半導體製造業,電子業
112,99,R0304131,聯華電子股份有限公司Fab12A廠,"47,738.46","401,583.01","449,321.47",台南市,半導體製造業,電子業
112,103,D0402824,台灣積體電路製造股份有限公司十八廠五期,"32,984.38","377,420.44","410,404.82",台南市,半導體製造業,電子業
112,104,D0402815,台灣積體電路製造股份有限公司十八廠六期,"27,119.45","370,749.85","397,869.30",台南市,半導體製造業,電子業
112,105,D0402833,台灣積體電路製造股份有限公司十八廠四期,"31,163.09","353,237.08","384,400.17",台南市,半導體製造業,電子業
112,106,D9001396,台灣積體電路製造股份有限公司十四廠七期,"39,309.82","344,099.06","383,408.88",台南市,半導體製造業,電子業
112,108,D0302141,聯華電子股份有限公司Fab12A廠第二廠區,"15,311.65","329,667.75","344,979.40",台南市,半導體製造業,電子業
112,113,D0403492,台灣積體電路製造股份有限公司十八廠七期,"16,193.65","264,739.74","280,933.39",台南市,半導體製造業,電子業
112,115,D9008466,台灣積體電路製造股份有限公司十八廠八期,"16,420.54","246,579.82","263,000.36",台南市,半導體製造業,電子業
112,117,R9004230,台灣積體電路製造股份有限公司六廠,"70,242.32","178,302.82","248,545.14",台南市,半導體製造業,電子業
112,134,D9007601,台灣積體電路製造股份有限公司十四廠八期,"7,377.91","127,447.39","134,825.30",台南市,半導體製造業,電子業
112,142,R90A1360,台灣積體電路製造股份有限公司先進封測二廠,"17,207.73","92,855.74","110,063.47",台南市,半導體製造業,電子業
112,154,R0301514,南茂科技股份有限公司台南廠,886.757,"71,605.67","72,492.42",台南市,半導體製造業,電子業
112,175,R0301603,宏捷科技股份有限公司南科大利廠,"27,492.14","18,747.10","46,239.24",台南市,半導體製造業,電子業
112,187,D0300727,南茂科技股份有限公司台南二廠,349.7111,"37,917.86","38,267.57",台南市,半導體製造業,電子業
112,198,D9006435,台灣積體電路製造股份有限公司先進封測二廠二期,919.0718,"28,347.39","29,266.46",台南市,半導體製造業,電子業
112,227,R03A1913,群創光電股份有限公司D廠,"13,676.65","572,230.42","585,907.07",台南市,光電材料及元件製造業,電子業
112,228,R03A1894,群創光電股份有限公司B廠,"49,051.56","410,851.71","459,903.27",台南市,光電材料及元件製造業,電子業
112,229,R03A0450,群創光電股份有限公司樹谷分公司,"12,879.13","387,765.99","400,645.12",台南市,光電材料及元件製造業,電子業
112,235,R0305156,瀚宇彩晶南科TFT-LCD三廠,"15,534.45","212,868.17","228,402.62",台南市,光電材料及元件製造業,電子業
112,241,R03A1903,群創光電股份有限公司A廠,"7,467.83","47,418.28","54,886.11",台南市,光電材料及元件製造業,電子業
112,242,R90A0401,誠美材料科技股份有限公司,"15,468.71","30,914.12","46,382.84",台南市,光電材料及元件製造業,電子業
112,243,D9000120,精金科技股份有限公司,"5,308.68","40,331.65","45,640.33",台南市,光電材料及元件製造業,電子業
112,245,D0301680,瀚宇彩晶南科觸控感應器廠,"1,242.11","36,195.27","37,437.38",台南市,光電材料及元件製造業,電子業
112,249,R03A0658,晶元光電股份有限公司南科一廠,"7,634.49","25,646.31","33,280.80",台南市,光電材料及元件製造業,電子業
112,251,D32A6282,聯合再生能源股份有限公司台南廠,713.3932,"24,414.67","25,128.06",台南市,光電材料及元件製造業,電子業
112,287,R0300384,統一企業股份有限公司新市廠,"20,006.92","30,940.64","50,947.57",台南市,乳品製造業,其他業
112,310,R8400372,台灣史谷脫紙業股份有限公司新營廠,"11,634.67","17,552.81","29,187.48",台南市,其他紙製品製造業,造紙業
112,313,R9001597,能元科技股份有限公司南科廠,"4,855.45","23,830.30","28,685.76",台南市,其他電力設備及配備製造業,其他業
112,316,R90A0689,住華科技股份有限公司南科一廠,"12,894.83","30,920.40","43,815.22",台南市,其他電子零組件製造業,電子業
112,327,R1412418,統一實業股份有限公司二廠,"26,049.85","50,288.73","76,338.59",台南市,金屬加工處理業,其他業
112,336,R0500240,宏遠興業股份有限公司,"52,461.53","43,387.87","95,849.40",台南市,染整業,紡織業
112,338,R0300606,得力實業股份有限公司,"36,913.39","26,393.72","63,307.12",台南市,染整業,紡織業
112,355,R9001702,台灣康寧顯示玻璃股份有限公司南科分公司台南廠,"4,047.69","67,383.77","71,431.46",台南市,玻璃及其製品製造業,非金屬業
112,358,D32A0393,安瀚視特股份有限公司台南第二工廠,"2,386.08","33,839.40","36,225.47",台南市,玻璃及其製品製造業,非金屬業
112,359,R0304944,艾杰旭顯示玻璃股份有限公司台南廠,268.3559,"27,940.64","28,209.00",台南市,玻璃及其製品製造業,非金屬業
112,377,R1001719,臺南紡織股份有限公司仁德廠,"25,816.48","20,552.89","46,369.36",台南市,紡紗業,紡織業
112,380,R9700353,怡華實業股份有限公司,"7,880.10","25,850.16","33,730.26",台南市,紡紗業,紡織業
112,384,R9701056,大統益股份有限公司,"12,072.14","88,705.19","100,777.33",台南市,動植物油脂製造業,其他業
112,386,R1002547,豐年豐和企業股份有限公司上崙一廠,"22,096.66","6,745.27","28,841.94",台南市,動植物油脂製造業,其他業
112,393,R1002065,奇美實業股份有限公司,"339,458.55","25,330.55","364,789.11",台南市,塑膠及合成橡膠原料製造業,石化業
112,396,R10A3047,奇美實業股份有限公司旭美廠,"81,224.43","96,797.59","178,022.02",台南市,塑膠及合成橡膠原料製造業,石化業
112,435,R9701341,威致鋼鐵工業股份有限公司官田廠,"86,682.61","162,234.34","248,916.95",台南市,鋼鐵製造業,鋼鐵業
112,437,R8500582,華新麗華股份有限公司鹽水廠,"82,120.05","130,952.73","213,072.78",台南市,鋼鐵製造業,鋼鐵業
112,439,R14A1883,易昇鋼鐵股份有限公司,"52,436.10","103,211.22","155,647.32",台南市,鋼鐵製造業,鋼鐵業
112,442,R8400827,榮剛材料科技股份有限公司新營廠,"62,850.05","76,992.73","139,842.79",台南市,鋼鐵製造業,鋼鐵業
112,449,R9100522,東盟開發實業股份有限公司學甲廠,"23,467.83","32,007.64","55,475.48",台南市,鋼鐵製造業,鋼鐵業
112,450,R92A0659,榮剛材料科技股份有限公司柳營廠,"33,194.60","18,996.20","52,190.80",台南市,鋼鐵製造業,鋼鐵業
112,455,D9703411,易昇鋼鐵股份有限公司官田廠,"12,926.83","12,873.28","25,800.11",台南市,鋼鐵製造業,鋼鐵業
112,467,R0503072,森霸電力股份有限公司,"2,193,251.41","2,371.20","2,195,622.61",台南市,電力供應業,電力業
112,477,R9702160,台灣汽電共生股份有限公司官田廠,"336,811.82",357.656,"337,169.48",台南市,電力供應業,電力業
112,15,G3700791,臺灣化學纖維股份有限公司龍德廠,"1,408,051.57",,"1,408,051.57",宜蘭縣,化學原材料製造業,石化業
112,63,G3200527,東南實業股份有限公司蘇澳總廠,"46,904.10","7,255.46","54,159.56",宜蘭縣,化學原材料製造業,石化業
112,83,G3200778,台灣水泥股份有限公司蘇澳廠,"1,120,095.87","63,245.17","1,183,341.03",宜蘭縣,水泥及其製品製造業,非金屬業
112,84,G37A0585,潤泰精密材料股份有限公司宜蘭冬山廠,"626,513.58","47,822.36","674,335.94",宜蘭縣,水泥及其製品製造業,非金屬業
112,85,G4100017,幸福水泥股份有限公司東澳廠,"569,060.22","37,569.29","606,629.51",宜蘭縣,水泥及其製品製造業,非金屬業
112,86,G3200849,信大水泥股份有限公司南聖湖廠,"551,764.81","40,857.11","592,621.92",宜蘭縣,水泥及其製品製造業,非金屬業
112,293,G3700880,台灣塑膠工業股份有限公司冬山廠,"115,857.65","11,395.99","127,253.63",宜蘭縣,其他非金屬礦物製品製造業,非金屬業
112,268,G32A0609,燿華電子股份有限公司宜蘭廠,"2,303.11","42,820.86","45,123.98",宜蘭縣,印刷電路板製造業,電子業
112,441,G32A0540,羅東鋼鐵廠股份有限公司煉鋼廠,"38,794.88","105,144.97","143,939.85",宜蘭縣,鋼鐵製造業,鋼鐵業
112,81,U9400115,亞洲水泥股份有限公司花蓮製造廠,"2,634,141.98","148,714.13","2,782,856.11",花蓮縣,水泥及其製品製造業,非金屬業
112,82,U0100187,台灣水泥股份有限公司和平分公司和平廠,"2,337,377.75","123,081.48","2,460,459.23",花蓮縣,水泥及其製品製造業,非金屬業
112,368,U9500478,中華紙漿股份有限公司花蓮廠,"61,220.74","104,154.96","165,375.70",花蓮縣,紙漿、紙及紙板製造業,造紙業
112,465,U0100258,和平電力股份有限公司和平火力發電廠,"7,995,241.51",1.3832,"7,995,242.90",花蓮縣,電力供應業,電力業
112,478,W0504775,台灣電力股份有限公司塔山發電廠,"206,980.84",137.747,"207,118.59",金門縣,電力供應業,電力業
112,283,M3302762,台灣卜蜂企業股份有限公司南投肉品加工廠,"16,655.32","20,768.55","37,423.87",南投縣,肉類加工及保藏業,其他業
112,416,M3302600,台灣銅箔股份有限公司,"11,796.82","84,040.47","95,837.29",南投縣,銅製造業,鋼鐵業
112,333,T4203686,燁輝企業股份有限公司屏東廠,"14,357.51","12,073.56","26,431.07",屏東縣,金屬加工處理業,其他業
112,20,K6801123,長春石油化學股份有限公司苗栗二廠,"68,830.29","586,420.75","655,251.04",苗栗縣,化學原材料製造業,石化業
112,44,K7200933,華夏海灣塑膠股份有限公司頭份總廠,"29,583.74","75,042.86","104,626.60",苗栗縣,化學原材料製造業,石化業
112,59,k8000366,立安東化工股份有限公司三義廠,"47,834.05","12,239.56","60,073.61",苗栗縣,化學原材料製造業,石化業
112,73,K7201001,中國石油化學工業開發股份有限公司頭份廠,"16,383.22","16,515.41","32,898.63",苗栗縣,化學原材料製造業,石化業
112,122,K7195124,京元電子股份有限公司竹南分公司中華廠,"3,983.24","206,898.73","210,881.97",苗栗縣,半導體製造業,電子業
112,138,K71B0795,台灣積體電路製造股份有限公司先進封測六廠,"6,044.88","111,622.28","117,667.16",苗栗縣,半導體製造業,電子業
112,153,K7103046,超豐電子股份有限公司公義廠,776.3984,"72,423.79","73,200.19",苗栗縣,半導體製造業,電子業
112,155,K77A0619,京元電子股份有限公司銅鑼分公司廠,492.8841,"68,745.24","69,238.12",苗栗縣,半導體製造業,電子業
112,184,K71A8772,力晶積成電子製造股份有限公司8B,"3,257.55","37,687.58","40,945.13",苗栗縣,半導體製造業,電子業
112,202,K72A4864,超豐電子股份有限公司頭份廠,732.4041,"27,070.16","27,802.57",苗栗縣,半導體製造業,電子業
112,208,K6801089,長春石油化學股份有限公司 苗栗廠,"651,306.86","70,689.69","721,996.56",苗栗縣,未分類其他化學製品製造業,石化業
112,234,K71A1370,群創光電股份有限公司T2廠,"5,778.88","224,782.89","230,561.77",苗栗縣,光電材料及元件製造業,電子業
112,239,K7104025,群創光電股份有限公司T1廠,"3,180.31","113,744.40","116,924.71",苗栗縣,光電材料及元件製造業,電子業
112,240,K71A2695,群創光電股份有限公司T3廠,"3,132.91","73,213.02","76,345.93",苗栗縣,光電材料及元件製造業,電子業
112,247,K71A1805,達輝光電股份有限公司,"14,522.21","22,535.49","37,057.70",苗栗縣,光電材料及元件製造業,電子業
112,305,K7000504,臺鹽實業股份有限公司通霄精鹽廠,"24,583.77",891.67,"25,475.44",苗栗縣,其他食品製造業,其他業
112,320,K77A0481,達邁科技股份有限公司銅鑼廠,"12,538.27","19,928.36","32,466.63",苗栗縣,其他電子零組件製造業,電子業
112,360,K8201149,冠軍建材股份有限公司第二廠,"61,784.65","26,632.19","88,416.84",苗栗縣,耐火、黏土建材及其他陶瓷製品製造業,非金屬業
112,381,K72A2838,紡安股份有限公司頭份工廠,"8,649.62","24,731.62","33,381.23",苗栗縣,紡紗業,紡織業
112,433,K8100129,東和鋼鐵企業股份有限公司苗栗廠,"91,119.92","220,872.80","311,992.72",苗栗縣,鋼鐵製造業,鋼鐵業
112,443,K7000513,建順煉鋼股份有限公司,"42,299.93","87,285.45","129,585.38",苗栗縣,鋼鐵製造業,鋼鐵業
112,464,K7000764,台灣電力股份有限公司通霄發電廠,"9,409,395.33",825.186,"9,410,220.52",苗栗縣,電力供應業,電力業
112,3,H4801478,南亞塑膠工業股份有限公司工三廠,"118,898.49","236,198.26","355,096.75",桃園市,人造纖維製造業,石化業
112,4,H5300210,遠東新世紀股份有限公司觀音化學纖維廠,"85,397.13","81,647.04","167,044.17",桃園市,人造纖維製造業,石化業
112,8,H4801709,宏洲纖維工業股份有限公司桃園工廠,"9,046.85","17,539.90","26,586.75",桃園市,人造纖維製造業,石化業
112,25,H4601227,義芳化學工業股份有限公司桃園廠,"361,544.78","43,349.56","404,894.34",桃園市,化學原材料製造業,石化業
112,29,H53A3580,亞東石化股份有限公司觀音二廠,"222,833.30","73,229.90","296,063.21",桃園市,化學原材料製造業,石化業
112,43,H53B7163,三福氣體股份有限公司 觀音三廠,10.1584,"112,385.40","112,395.55",桃園市,化學原材料製造業,石化業
112,45,H5387833,三福氣體股份有限公司觀音二廠,503.2702,"87,441.06","87,944.33",桃園市,化學原材料製造業,石化業
112,50,H4603972,三義化學工業(股)公司桃園海湖廠,"7,409.27","73,274.51","80,683.78",桃園市,化學原材料製造業,石化業
112,69,H5300078,亞東石化股份有限公司,"23,271.64","19,008","42,279.64",桃園市,化學原材料製造業,石化業
112,76,H4701017,國聯矽業化學股份有限公司,"19,150.88","12,982.62","32,133.49",桃園市,化學原材料製造業,石化業
112,78,H48B1750,亞東工業氣體股份有限公司華亞氣體廠,8.9488,"27,174.74","27,183.69",桃園市,化學原材料製造業,石化業
112,212,H4601290,台硝股份有限公司桃園廠,"47,325.90","16,658.11","63,984.01",桃園市,未分類其他化學製品製造業,石化業
112,215,H4606848,台耀化學股份有限公司蘆竹廠,"8,307.09","27,042.35","35,349.44",桃園市,未分類其他化學製品製造業,石化業
112,221,H4803507,台灣中油股份有限公司煉製事業部桃園煉油廠,"1,415,346.46","174,968.69","1,590,315.14",桃園市,石油及煤製品製造業,石化業
112,404,H4500743,中興紡織廠股份有限公司楊梅化纖廠,"13,514.34","52,024.13","65,538.47",桃園市,塑膠及合成橡膠原料製造業,石化業
112,406,H4501008,萬洲化學股份有限公司楊梅一廠,"26,950.49","12,803.83","39,754.32",桃園市,塑膠及合成橡膠原料製造業,石化業
112,412,H4406937,新科光電材料股份有限公司桃園廠,"9,894.31","50,736.57","60,630.88",桃園市,塑膠製品製造業,石化業
112,284,H4302318,六和機械股份有限公司,"8,041.60","32,296.26","40,337.86",桃園市,汽車零件製造業,其他業
112,286,H4303235,國瑞汽車股份有限公司中壢工廠,"10,099.27","28,600.10","38,699.37",桃園市,車體製造業,其他業
112,288,H4501339,統一企業股份有限公司楊梅廠,"12,432.96","14,181.75","26,614.72",桃園市,乳品製造業,其他業
112,301,H4602199,義美食品股份有限公司南崁廠,"21,637.52","32,223.14","53,860.66",桃園市,其他食品製造業,其他業
112,303,H4602313,環泰企業股份有限公司南崁廠,"28,149.02","4,620.59","32,769.62",桃園市,其他食品製造業,其他業
112,304,H4302523,金車股份有限公司中壢廠,"16,176.87","15,540.37","31,717.24",桃園市,其他食品製造業,其他業
112,387,H48A3353,晶碩光學股份有限公司,149.8216,"39,809.83","39,959.65",桃園市,眼鏡製造業,其他業
112,89,H53A7443,晉瑜企業股份有限公司觀音廠,"4,351.73","26,262.23","30,613.96",桃園市,水泥及其製品製造業,非金屬業
112,298,H4604488,環球水泥股份有限公司海湖石膏板廠,"29,385.14","5,460.08","34,845.22",桃園市,其他非金屬礦物製品製造業,非金屬業
112,353,H5300916,台灣玻璃工業股份有限公司桃園廠,"34,594.14","47,791.54","82,385.68",桃園市,玻璃及其製品製造業,非金屬業
112,361,H4500850,白馬窯業股份有限公司楊梅廠,"20,788.48","9,011.75","29,800.23",桃園市,耐火、黏土建材及其他陶瓷製品製造業,非金屬業
112,9,H4701071,科德寶遠東股份有限公司,"3,473.73","30,592.83","34,066.55",桃園市,不織布業,紡織業
112,337,H4500458,力鵬企業股份有限公司楊梅廠,"57,705.18","20,506.07","78,211.24",桃園市,染整業,紡織業
112,339,H4202215,新隆纖維染整股份有限公司桃園廠,"35,121.08","6,942.08","42,063.17",桃園市,染整業,紡織業
112,340,H4600579,大同染整股份有限公司桃園廠,"27,561.05","6,690.74","34,251.79",桃園市,染整業,紡織業
112,341,H47A0889,連大興有限公司,"18,379.71","13,063.02","31,442.73",桃園市,染整業,紡織業
112,342,H53A6138,東齊染整股份有限公司,"25,003.95","5,650.37","30,654.32",桃園市,染整業,紡織業
112,344,H5300363,銓盟企業股份有限公司,"21,060.96","4,459.63","25,520.59",桃園市,染整業,紡織業
112,375,H5100952,新光合成纖維股份有限公司中壢廠,"92,771.26","150,351.44","243,122.69",桃園市,紡紗業,紡織業
112,376,H5304165,集盛實業股份有限公司第三廠,"8,107.01","41,530.10","49,637.12",桃園市,紡紗業,紡織業
112,378,H5303524,新光合成纖維股份有限公司觀音廠,"13,794.75","30,255.72","44,050.47",桃園市,紡紗業,紡織業
112,379,H5307693,集盛實業股份有限公司觀音廠,"14,726.82","25,981.95","40,708.77",桃園市,紡紗業,紡織業
112,456,H4502201,建榮工業材料股份有限公司楊梅廠,"8,926.83","17,292.37","26,219.20",桃園市,織布業,紡織業
112,306,H5200215,永豐餘工業用紙股份有限公司新屋廠,"592,228.03","22,735.75","614,963.78",桃園市,其他紙製品製造業,造紙業
112,309,H45A1887,永豐餘消費品實業股份有限公司楊梅廠,"27,064.80","18,918.62","45,983.42",桃園市,其他紙製品製造業,造紙業
112,366,H4700645,正隆股份有限公司大園廠,"216,329.49","127,433.08","343,762.57",桃園市,紙漿、紙及紙板製造業,造紙業
112,372,H5302063,日皓造紙工業股份有限公司觀音廠,"21,702.22","20,393.58","42,095.80",桃園市,紙漿、紙及紙板製造業,造紙業
112,373,H5300425,錦美紙業股份有限公司觀音廠,"22,675.42","11,080.62","33,756.03",桃園市,紙漿、紙及紙板製造業,造紙業
112,461,H5307960,台灣電力股份有限公司大潭發電廠,"11,606,905.65","2,202.89","11,609,108.54",桃園市,電力供應業,電力業
112,469,H4604568,長生電力股份有限公司,"1,887,559.66","1,912.77","1,889,472.43",桃園市,電力供應業,電力業
112,471,H4810851,華亞汽電股份有限公司華亞汽電廠,"1,748,171.28","17,376.15","1,765,547.43",桃園市,電力供應業,電力業
112,473,H4810799,國光電力股份有限公司,"1,063,651.60","1,582.78","1,065,234.37",桃園市,電力供應業,電力業
112,476,H4702336,大園汽電共生股份有限公司,"564,803.62","1,825.82","566,629.45",桃園市,電力供應業,電力業
112,480,H53A2562,華亞汽電股份有限公司觀音公用廠,"76,281.87","2,578.68","78,860.56",桃園市,電力供應業,電力業
112,96,H4889454,台灣美光晶圓科技股份有限公司一廠,"61,468.98","472,421.78","533,890.77",桃園市,半導體製造業,電子業
112,100,H4888582,台灣美光晶圓科技股份有限公司二廠,"42,310.60","405,055.99","447,366.60",桃園市,半導體製造業,電子業
112,116,H46B0495,世界先進積體電路股份有限公司晶圓三廠,"58,293.42","200,679.68","258,973.10",桃園市,半導體製造業,電子業
112,121,H50A6430,台灣積體電路製造股份有限公司先進封測三廠,"12,629.99","204,049.66","216,679.65",桃園市,半導體製造業,電子業
112,158,H43A0700,日月光半導體製造股份有限公司中壢分公司封測五廠,308.5874,"65,962.46","66,271.05",桃園市,半導體製造業,電子業
112,159,H4886999,穩懋半導體股份有限公司華亞二廠,"19,855.76","46,265.80","66,121.57",桃園市,半導體製造業,電子業
112,161,H43C1277,日月光半導體製造股份有限公司中壢分公司封測七廠,232.186,"63,242.45","63,474.63",桃園市,半導體製造業,電子業
112,164,H43C1811,日月光半導體製造股份有限公司中壢分公司封測八廠,206.067,"57,644.58","57,850.65",桃園市,半導體製造業,電子業
112,167,H48B0554,穩懋半導體股份有限公司龜山廠,"6,756.03","44,037.53","50,793.56",桃園市,半導體製造業,電子業
112,180,H5001589,艾克爾國際科技股份有限公司龍潭廠,"9,097.30","34,570.19","43,667.49",桃園市,半導體製造業,電子業
112,181,H50A1985,合晶科技股份有限公司龍潭廠,"1,792.07","41,027.10","42,819.17",桃園市,半導體製造業,電子業
112,188,H43B3840,日月光半導體製造股份有限公司中壢分公司封測六廠,348.8764,"36,936.14","37,285.02",桃園市,半導體製造業,電子業
112,201,H4806348,穩懋半導體股份有限公司華亞廠,"9,649.10","18,304.43","27,953.53",桃園市,半導體製造業,電子業
112,226,H4601398,南亞塑膠工業股份有限公司錦興廠,"743,622.39","20,388.23","764,010.62",桃園市,光電材料及元件製造業,電子業
112,232,H5008211,友達光電股份有限公司龍科廠,"7,562.68","232,631.42","240,194.10",桃園市,光電材料及元件製造業,電子業
112,233,H4888493,友達光電股份有限公司桃園分公司華亞廠,"7,307.54","230,683.71","237,991.24",桃園市,光電材料及元件製造業,電子業
112,236,H49A2429,凌巨科技股份有限公司八德廠,"141,543.88","83,378.99","224,922.87",桃園市,光電材料及元件製造業,電子業
112,237,H5002362,友達光電股份有限公司桃園分公司,"8,159.33","172,134.14","180,293.47",桃園市,光電材料及元件製造業,電子業
112,255,H4605074,南亞電路板股份有限公司錦興廠,"1,611.51","378,822.84","380,434.35",桃園市,印刷電路板製造業,電子業
112,257,H5205514,景碩科技股份有限公司清華一廠,"4,661.41","85,725.40","90,386.81",桃園市,印刷電路板製造業,電子業
112,258,H4304929,金像電子股份有限公司中壢廠,"17,955.67","65,303.53","83,259.20",桃園市,印刷電路板製造業,電子業
112,259,H45C0110,欣興電子股份有限公司楊梅廠,"3,569.36","68,945.80","72,515.16",桃園市,印刷電路板製造業,電子業
112,260,H4887978,欣興電子股份有限公司精密載板事業部三廠,"2,060.31","66,629.23","68,689.55",桃園市,印刷電路板製造業,電子業
112,261,H48A7682,欣興電子股份有限公司精密載板事業部二廠,"2,369.30","63,072.77","65,442.08",桃園市,印刷電路板製造業,電子業
112,264,H4601272,華通電腦股份有限公司三廠,660.208,"57,888.50","58,548.71",桃園市,印刷電路板製造業,電子業
112,265,H5301217,先豐通訊股份有限公司觀音廠,"15,562.46","42,267.04","57,829.49",桃園市,印刷電路板製造業,電子業
112,266,H4806222,欣興電子股份有限公司山鶯一廠,"1,796.15","44,549.55","46,345.70",桃園市,印刷電路板製造業,電子業
112,269,H4703600,華通電腦股份有限公司大園廠,326.8428,"43,280.33","43,607.17",桃園市,印刷電路板製造業,電子業
112,270,H4601129,華通電腦股份有限公司一廠,"1,901.92","41,405.16","43,307.08",桃園市,印刷電路板製造業,電子業
112,272,H4889310,欣興電子股份有限公司精密載板事業部一廠,"3,385.53","36,333.52","39,719.04",桃園市,印刷電路板製造業,電子業
112,273,H46B0524,敬鵬工業股份有限公司第二之二廠,"1,972.42","32,238.84","34,211.26",桃園市,印刷電路板製造業,電子業
112,274,H48B6522,欣興電子股份有限公司山鶯二廠,784.7265,"31,618.96","32,403.69",桃園市,印刷電路板製造業,電子業
112,275,H46A1149,欣興電子股份有限公司蘆竹二廠,914.3212,"30,521.30","31,435.62",桃園市,印刷電路板製造業,電子業
112,280,H47A8358,欣興電子股份有限公司大園廠,"1,022.17","28,129.88","29,152.05",桃園市,印刷電路板製造業,電子業
112,281,H45C2819,景碩科技股份有限公司幼獅廠,"1,252.86","26,031.82","27,284.68",桃園市,印刷電路板製造業,電子業
112,314,H43C0794,精材科技股份有限公司中壢三廠,839.3463,"64,587.34","65,426.69",桃園市,其他電子零組件製造業,電子業
112,318,H43A2855,精材科技股份有限公司中壢二廠,"21,904.13","13,892.03","35,796.17",桃園市,其他電子零組件製造業,電子業
112,319,H5204133,景碩科技股份有限公司,563.187,"33,766.09","34,329.27",桃園市,其他電子零組件製造業,電子業
112,414,H4809607,中環股份有限公司林口三廠,24.2649,"54,670.16","54,694.42",桃園市,資料儲存媒體製造業,電子業
112,415,H4895112,廣達電腦股份有限公司總廠,942.993,"26,522.66","27,465.66",桃園市,電腦及其週邊設備製造業,電子業
112,432,H53A0675,東和鋼鐵企業股份有限公司桃園廠,"78,056.08","354,241.83","432,297.91",桃園市,鋼鐵製造業,鋼鐵業
112,445,H5200617,聯成鋼鐵股份有限公司桃園廠,"28,884.62","68,394.89","97,279.52",桃園市,鋼鐵製造業,鋼鐵業
112,12,S2201109,台灣塑膠工業股份有限公司仁武廠,"2,256,559.80","71,351.06","2,327,910.86",高雄市,化學原材料製造業,石化業
112,13,S1900710,台灣中油股份有限公司石化事業部,"1,725,051.09","80,789.39","1,805,840.48",高雄市,化學原材料製造業,石化業
112,17,S1900685,台灣塑膠工業股份有限公司林園廠,"610,064.16","108,812.37","718,876.53",高雄市,化學原材料製造業,石化業
112,21,E5600850,中國石油化學工業開發股份有限公司小港廠,"508,360.50","115,621.81","623,982.31",高雄市,化學原材料製造業,石化業
112,22,S2005652,大連化學工業股份有限公司大發廠,"76,649.34","526,082.76","602,732.10",高雄市,化學原材料製造業,石化業
112,23,S2001314,長春石油化學股份有限公司 大發廠,"554,380.99","4,874.85","559,255.83",高雄市,化學原材料製造業,石化業
112,24,S2300401,中國人造纖維股份有限公司高雄總廠,"395,245.41","15,411.77","410,657.17",高雄市,化學原材料製造業,石化業
112,26,S2005081,長春人造樹脂廠股份有限公司大發廠,"10,894.71","379,039.37","389,934.09",高雄市,化學原材料製造業,石化業
112,27,S2015916,長春人造樹脂廠股份有限公司大發二廠,"70,508.06","312,747.42","383,255.48",高雄市,化學原材料製造業,石化業
112,28,S1900578,東聯化學股份有限公司高雄林園廠,"26,542.06","317,216.83","343,758.89",高雄市,化學原材料製造業,石化業
112,33,S1900658,台灣苯乙烯工業股份有限公司高雄廠,"174,823.14","25,923.75","200,746.89",高雄市,化學原材料製造業,石化業
112,35,S1900372,台灣氯乙烯工業股份有限公司林園廠,"121,335.88","55,018.15","176,354.03",高雄市,化學原材料製造業,石化業
112,38,S2300410,中國石油化學工業開發股份有限公司大社廠,"118,403.70","41,186.47","159,590.16",高雄市,化學原材料製造業,石化業
112,39,S2201056,台灣聚合化學品股份有限公司高雄廠,"20,983.00","121,408.27","142,391.27",高雄市,化學原材料製造業,石化業
112,40,S1901066,信昌化學工業股份有限公司林園廠,"96,379.65","42,068.82","138,448.47",高雄市,化學原材料製造業,石化業
112,41,E5600136,台灣志氯化學股份有限公司?氯廠,111.5318,"136,331.11","136,442.64",高雄市,化學原材料製造業,石化業
112,42,S1900701,台灣塑膠工業股份有限公司林園聚丙烯廠,260.1221,"127,338.93","127,599.05",高雄市,化學原材料製造業,石化業
112,46,S2300447,高雄塑酯化學工業股份有限公司,"67,502.81","20,286.69","87,789.50",高雄市,化學原材料製造業,石化業
112,47,E5601437,中鋼碳素化學股份有限公司,"26,047.14","57,646.63","83,693.76",高雄市,化學原材料製造業,石化業
112,49,E5600305,李長榮化學工業股份有限公司高雄廠,"24,368.18","57,211.81","81,579.99",高雄市,化學原材料製造業,石化業
112,52,S2300465,大連化學工業股份有限公司高雄廠,"34,570.12","42,994.52","77,564.65",高雄市,化學原材料製造業,石化業
112,57,S1900283,和益化學工業股份有限公司,"48,830.53","18,822.18","67,652.71",高雄市,化學原材料製造業,石化業
112,58,S1900676,李長榮化學工業股份有限公司林園廠,"21,762.63","45,497.32","67,259.95",高雄市,化學原材料製造業,石化業
112,61,E2300675,亞東工業氣體股份有限公司大社廠,7.0823,"56,369.55","56,376.63",高雄市,化學原材料製造業,石化業
112,62,S1900729,聯華氣體工業股份有限公司林園工廠,"2,301.56","53,654.33","55,955.89",高雄市,化學原材料製造業,石化業
112,64,S1900612,聯成化學科技股份有限公司林園廠,"37,101.17","14,442.36","51,543.54",高雄市,化學原材料製造業,石化業
112,71,S3200955,遠東氣體工業股份有限公司永安工廠,18.1443,"33,395.98","33,414.13",高雄市,化學原材料製造業,石化業
112,74,S3204695,勝一化工股份有限公司永安二廠,"27,682.13","5,025.34","32,707.48",高雄市,化學原材料製造業,石化業
112,80,S3200428,勝一化工股份有限公司,"23,099.07","3,329.86","26,428.92",高雄市,化學原材料製造業,石化業
112,139,E2903416,華邦電子股份有限公司高雄廠,"11,900.31","101,718.94","113,619.25",高雄市,半導體製造業,電子業
112,160,E4906835,日月光半導體製造股份有限公司十一廠,"6,547.81","57,248.82","63,796.62",高雄市,半導體製造業,電子業
112,162,E4900397,台灣恩智浦半導體股份有限公司,"1,210.77","61,873.14","63,083.91",高雄市,半導體製造業,電子業
112,163,E49A6412,台灣福雷電子股份有限公司三廠,375.603,"61,551.61","61,927.21",高雄市,半導體製造業,電子業
112,165,E5402523,華東科技股份有限公司B10廠,462.7848,"56,130.27","56,593.06",高雄市,半導體製造業,電子業
112,168,E49A6630,日月光半導體製造股份有限公司二十二廠,"6,246.21","43,817.25","50,063.46",高雄市,半導體製造業,電子業
112,173,E49A9852,日月光半導體製造股份有限公司二十四廠,744.8114,"45,794.75","46,539.56",高雄市,半導體製造業,電子業
112,189,E49A5078,日月光半導體製造股份有限公司十二廠,275.8721,"36,898.69","37,174.56",高雄市,半導體製造業,電子業
112,192,E49A5692,日月光半導體製造股份有限公司二十一廠,"1,610.16","32,676.64","34,286.80",高雄市,半導體製造業,電子業
112,193,E49A1492,華泰電子股份有限公司封裝測試大樓工廠,136.4015,"32,364.22","32,500.62",高雄市,半導體製造業,電子業
112,194,E4905365,日月光半導體製造股份有限公司九廠,"1,429.45","29,661.19","31,090.64",高雄市,半導體製造業,電子業
112,211,S1900694,台灣石化合成股份有限公司林園廠,"46,948.23","37,895.67","84,843.90",高雄市,未分類其他化學製品製造業,石化業
112,214,S1901002,合興石化工業股份有限公司林園廠,"23,591.98","27,132.48","50,724.46",高雄市,未分類其他化學製品製造業,石化業
112,216,E1901105,台合科技股份有限公司,"28,380.83","3,619.94","32,000.77",高雄市,未分類其他化學製品製造業,石化業
112,217,S2900821,長興材料工業股份有限公司路竹廠,"13,974.88","17,360.05","31,334.93",高雄市,未分類其他化學製品製造業,石化業
112,218,S1695018,漢翔航空工業股份有限公司岡山廠,"3,580.15","23,297.85","26,878.01",高雄市,未分類其他運輸工具及其零件製造業,其他業
112,220,E5600056,台灣中油股份有限公司煉製事業部大林煉油廠,"2,411,792.56","559,977.53","2,971,770.08",高雄市,石油及煤製品製造業,石化業
112,222,S2300429,國喬石油化學股份有限公司高雄廠,"416,998.26","20,354.38","437,352.64",高雄市,石油及煤製品製造業,石化業
112,223,E1902497,林園先進材料科技股份有限公司,"204,778.65","26,068.95","230,847.60",高雄市,石油及煤製品製造業,石化業
112,230,S29A1607,群創光電股份有限公司F廠,"8,900.00","346,759.81","355,659.81",高雄市,光電材料及元件製造業,電子業
112,238,E2902160,群創光電股份有限公司T6廠,"3,388.46","128,513.28","131,901.74",高雄市,光電材料及元件製造業,電子業
112,250,E2902964,友達光電股份有限公司高雄廠,143.4542,"26,053.09","26,196.55",高雄市,光電材料及元件製造業,電子業
112,278,E4900753,楠梓電子股份有限公司二廠,738.4541,"29,449.51","30,187.97",高雄市,印刷電路板製造業,電子業
112,291,S1601570,燁興企業股份有限公司軋鋼廠,"11,895.36","16,193.17","28,088.52",高雄市,其他金屬製品製造業,其他業
112,296,E5602934,中聯資源股份有限公司臨海廠,"20,695.62","19,743.87","40,439.49",高雄市,其他非金屬礦物製品製造業,非金屬業
112,299,E5601697,中聯資源股份有限公司,"12,070.57","19,165.61","31,236.18",高雄市,其他非金屬礦物製品製造業,非金屬業
112,300,E5600869,台灣糖業股份有限公司小港廠,"59,740.89","2,787.62","62,528.51",高雄市,其他食品製造業,其他業
112,312,E5601080,漢泰鋼鐵廠股份有限公司,"32,352.48","14,637.55","46,990.03",高雄市,其他基本金屬製造業,其他業
112,317,E4901947,華泰電子股份有限公司企業總部大樓工廠,258.5564,"38,278.28","38,536.84",高雄市,其他電子零組件製造業,電子業
112,325,S2500536,燁輝企業股份有限公司高雄一廠,"49,540.49","69,390.80","118,931.29",高雄市,金屬加工處理業,其他業
112,328,E5600565,盛餘股份有限公司,"27,121.56","47,350.66","74,472.23",高雄市,金屬加工處理業,其他業
112,329,S2602473,裕鐵企業股份有限公司岡山二廠,"24,470.29","38,470.31","62,940.60",高雄市,金屬加工處理業,其他業
112,330,E5603655,李長榮科技股份有限公司銅箔廠,155.9997,"58,566.90","58,722.90",高雄市,金屬加工處理業,其他業
112,332,S26A0793,裕鐵企業股份有限公司岡山三廠,"24,786.05","9,969.94","34,755.98",高雄市,金屬加工處理業,其他業
112,334,S1601178,晉禾企業股份有限公司,"5,154.06","20,435.17","25,589.24",高雄市,金屬加工處理業,其他業
112,362,S3200946,台灣中油股份有限公司天然氣事業部永安液化天然氣廠,"10,480.23","98,300.47","108,780.70",高雄市,氣體燃料供應業,石化業
112,365,S2100223,中華紙漿股份有限公司久堂廠,"385,792.01","22,928.29","408,720.30",高雄市,紙漿、紙及紙板製造業,造紙業
112,388,E5600930,台灣國際造船股份有限公司,"12,144.14","22,116.18","34,260.33",高雄市,船舶及其零件製造業,其他業
112,389,E4900404,國巨股份有限公司楠梓分公司,"3,181.51","43,625.31","46,806.82",高雄市,被動電子元件製造業,電子業
112,390,E54B0143,華新科技股份有限公司高雄東十五廠,"1,017.25","29,770.22","30,787.47",高雄市,被動電子元件製造業,電子業
112,391,S20A2878,國巨股份有限公司大發二廠,"1,530.36","26,711.17","28,241.53",高雄市,被動電子元件製造業,電子業
112,392,E5408338,華新科技股份有限公司高雄南一廠,"1,431.26","23,722.87","25,154.12",高雄市,被動電子元件製造業,電子業
112,397,S2300438,台橡股份有限公司高雄廠,"101,347.44","42,997.72","144,345.17",高雄市,塑膠及合成橡膠原料製造業,石化業
112,398,S1900596,亞洲聚合股份有限公司 林園廠,"10,187.57","97,777.51","107,965.08",高雄市,塑膠及合成橡膠原料製造業,石化業
112,400,S2201092,長春人造樹脂廠股份有限公司高雄廠,"21,289.15","56,917.06","78,206.21",高雄市,塑膠及合成橡膠原料製造業,石化業
112,401,E56B1498,環球橡膠股份有限公司小港廠,"5,666.65","72,197.15","77,863.80",高雄市,塑膠及合成橡膠原料製造業,石化業
112,402,S2000424,台灣寶理塑膠股份有限公司大發廠,"4,724.63","71,835.30","76,559.93",高雄市,塑膠及合成橡膠原料製造業,石化業
112,403,S23A0124,李長榮化學工業股份有限公司大社廠,"17,901.82","49,003.32","66,905.14",高雄市,塑膠及合成橡膠原料製造業,石化業
112,407,S1900630,台達化學工業股份有限公司林園廠,"5,510.15","32,782.35","38,292.50",高雄市,塑膠及合成橡膠原料製造業,石化業
112,408,S2603498,泓達化工股份有限公司燕巢廠,"16,074.47","10,287.67","26,362.13",高雄市,塑膠及合成橡膠原料製造業,石化業
112,413,S2201118,南亞塑膠工業股份有限公司仁武廠,"1,211.31","26,379.01","27,590.32",高雄市,塑膠製品製造業,石化業
112,420,E5600092,中鋼鋁業股份有限公司,"54,489.56","93,090.68","147,580.24",高雄市,鋁製造業,鋼鐵業
112,422,E4900879,台灣福雷電子股份有限公司,772.9821,"56,193.98","56,966.96",高雄市,機械器具批發業,其他業
112,428,E5600841,中國鋼鐵股份有限公司,"16,758,851.82","1,155,954.38","17,914,806.19",高雄市,鋼鐵製造業,鋼鐵業
112,431,S1601990,燁聯鋼鐵股份有限公司,"190,757.81","294,245.97","485,003.78",高雄市,鋼鐵製造業,鋼鐵業
112,434,E5600332,協勝發鋼鐵廠股份有限公司,"83,797.40","190,747.73","274,545.14",高雄市,鋼鐵製造業,鋼鐵業
112,436,S1602102,中鴻鋼鐵股份有限公司熱軋廠,"132,159.33","101,533.58","233,692.91",高雄市,鋼鐵製造業,鋼鐵業
112,438,E56A2617,尚承鋼鐵股份有限公司,"92,727.24","77,861.45","170,588.69",高雄市,鋼鐵製造業,鋼鐵業
112,440,E56A4792,中國鋼鐵股份有限公司第三冷軋廠,"49,702.09","101,898.06","151,600.15",高雄市,鋼鐵製造業,鋼鐵業
112,444,E5600501,海光企業股份有限公司,"29,306.89","97,258.42","126,565.31",高雄市,鋼鐵製造業,鋼鐵業
112,446,E5601197,唐榮鐵工廠股份有限公司,"29,842.39","56,537.88","86,380.27",高雄市,鋼鐵製造業,鋼鐵業
112,447,E5600798,龍慶鋼鐵企業股份有限公司,"21,852.11","38,331.24","60,183.35",高雄市,鋼鐵製造業,鋼鐵業
112,448,E5602952,海光企業股份有限公司嘉興鋼鐵廠,"29,078.52","29,487.06","58,565.58",高雄市,鋼鐵製造業,鋼鐵業
112,451,E56A7340,東和鋼鐵企業股份有限公司大業廠,"35,059.50","14,073.30","49,132.79",高雄市,鋼鐵製造業,鋼鐵業
112,452,S25A0144,欣建工業股份有限公司,"16,979.25","11,803.83","28,783.08",高雄市,鋼鐵製造業,鋼鐵業
112,453,E5600369,東和鋼鐵企業股份有限公司高雄廠,"17,751.77","10,938.86","28,690.62",高雄市,鋼鐵製造業,鋼鐵業
112,454,S2500527,中鴻鋼鐵股份有限公司冷軋廠,"10,672.70","16,268.84","26,941.54",高雄市,鋼鐵製造業,鋼鐵業
112,457,E2000554,錦州科技股份有限公司大發廠,"598,052.38","2,776.08","600,828.46",高雄市,蒸汽供應業,電力業
112,459,S3200688,台灣電力股份有限公司興達發電廠,"15,790,316.77","1,059.34","15,791,376.11",高雄市,電力供應業,電力業
112,462,E5600896,台灣電力股份有限公司大林發電廠,"10,767,425.33","2,381.08","10,769,806.41",高雄市,電力供應業,電力業
112,466,E5400878,台灣電力股份有限公司南部發電廠,"3,090,730.58",436.5379,"3,091,167.12",高雄市,電力供應業,電力業
112,468,C1400170,台灣電力股份有限公司協和發電廠,"1,949,095.86",490.2431,"1,949,586.10",基隆市,電力供應業,電力業
112,482,Z6303328,台灣電力股份有限公司協和發電廠馬祖珠山分廠,"39,332.60",,"39,332.61",連江縣,電力供應業,電力業
112,10,P5802421,台塑石化股份有限公司麥寮一廠,"14,322,859.54",,"14,322,859.54",雲林縣,化學原材料製造業,石化業
112,11,P5802092,台灣化學纖維股份有限公司海豐廠,"1,239,393.23","1,759,810.47","2,999,203.70",雲林縣,化學原材料製造業,石化業
112,14,P5801773,台灣化學纖維股份有限公司麥寮廠,"411,589.40","1,097,081.36","1,508,670.76",雲林縣,化學原材料製造業,石化業
112,16,P5801513,南亞塑膠工業股份有限公司麥寮總廠,"233,556.92","705,041.93","938,598.84",雲林縣,化學原材料製造業,石化業
112,18,P5802387,大連化學工業股份有限公司麥寮廠,"79,961.33","624,392.57","704,353.91",雲林縣,化學原材料製造業,石化業
112,19,P5805244,南亞塑膠工業股份有限公司海豐總廠,"159,395.47","506,783.30","666,178.77",雲林縣,化學原材料製造業,石化業
112,30,P5806349,台灣塑膠工業股份有限公司海豐廠,"90,900.23","178,539.77","269,440.00",雲林縣,化學原材料製造業,石化業
112,36,P5802001,台灣塑膠工業股份有限公司麥寮碳纖廠,"4,819.57","165,342.66","170,162.24",雲林縣,化學原材料製造業,石化業
112,51,P5802323,南中石化工業股份有限公司乙二醇廠,"1,556.64","76,154.99","77,711.63",雲林縣,化學原材料製造業,石化業
112,68,P5802378,台塑旭彈性纖維股份有限公司麥寮廠,"4,347.63","39,197.09","43,544.72",雲林縣,化學原材料製造業,石化業
112,119,P5801871,台塑勝高科技股份有限公司麥寮矽晶圓廠,"5,871.80","223,231.51","229,103.31",雲林縣,半導體製造業,電子業
112,140,P4602196,福懋科技股份有限公司,987.8588,"111,015.42","112,003.28",雲林縣,半導體製造業,電子業
112,205,P5802430,台塑石化股份有限公司麥寮三廠,"5,634,888.94","39,128.85","5,674,017.79",雲林縣,未分類其他化學製品製造業,石化業
112,206,P5801728,台塑石化股份有限公司麥寮二廠,"4,046,891.77","190,724.90","4,237,616.67",雲林縣,未分類其他化學製品製造業,石化業
112,207,P5801602,台灣塑膠工業股份有限公司麥寮廠,"454,469.75","3,670,302.32","4,124,772.08",雲林縣,未分類其他化學製品製造業,石化業
112,209,P5805753,長春石油化學股份有限公司麥寮廠,"19,544.25","469,354.17","488,898.42",雲林縣,未分類其他化學製品製造業,石化業
112,210,P5805780,台灣醋酸化學股份有限公司醋酸廠,"16,203.87","119,983.09","136,186.96",雲林縣,未分類其他化學製品製造業,石化業
112,294,P4602758,富喬工業股份有限公司,"28,555.33","46,019.57","74,574.90",雲林縣,其他非金屬礦物製品製造業,非金屬業
112,311,P4602276,台日古河銅箔股份有限公司,"2,977.98","48,142.90","51,120.88",雲林縣,其他基本金屬製造業,其他業
112,324,P4607940,上銀科技股份有限公司-雲科廠,287.3983,"37,463.18","37,750.58",雲林縣,金屬加工用機械設備製造業,其他業
112,331,P46A0069,巧新科技工業股份有限公司二廠,"10,195.53","31,712.99","41,908.52",雲林縣,金屬加工處理業,其他業
112,335,P4600987,福懋興業股份有限公司,"70,239.06","57,355.54","127,594.61",雲林縣,染整業,紡織業
112,345,P46A0693,艾杰旭顯示玻璃股份有限公司斗六二廠,"84,684.92","161,486.62","246,171.54",雲林縣,玻璃及其製品製造業,非金屬業
112,349,P4606327,艾杰旭顯示玻璃股份有限公司斗六一廠,"24,092.81","90,532.57","114,625.38",雲林縣,玻璃及其製品製造業,非金屬業
112,354,P48A0851,富喬工業股份有限公司雲林分公司,"37,640.07","39,143.77","76,783.84",雲林縣,玻璃及其製品製造業,非金屬業
112,371,P5500191,合眾紙業股份有限公司林內廠,"32,008.49","23,999.25","56,007.74",雲林縣,紙漿、紙及紙板製造業,造紙業
112,382,P46B5125,中國石油化學工業開發股份有限公司斗六廠,"15,530.38","11,459.29","26,989.67",雲林縣,紡紗業,紡織業
112,383,P4601984,福懋興業股份有限公司第二廠,"8,450.49","25,725.40","34,175.89",雲林縣,紡織品製造業,紡織業
112,405,P58A1635,台塑科騰化學有限公司,"7,782.11","54,215.75","61,997.85",雲林縣,塑膠及合成橡膠原料製造業,石化業
112,417,P4606818,金居開發股份有限公司斗六二廠,"1,269.06","53,741.86","55,010.92",雲林縣,銅製造業,鋼鐵業
112,418,P4602552,金居開發股份有限公司斗六一廠,"1,860.62","47,485.65","49,346.27",雲林縣,銅製造業,鋼鐵業
112,419,P4801322,台榮產業股份有限公司雲林廠,"24,638.22","14,203.82","38,842.05",雲林縣,碾穀、磨粉及澱粉製品製造業,其他業
112,427,P5400070,建大工業股份有限公司雲林廠,"10,746.19","16,071.40","26,817.59",雲林縣,橡膠製品製造業,其他業
112,463,P5801719,麥寮汽電股份有限公司,"9,440,456.90","2,923.19","9,443,380.10",雲林縣,電力供應業,電力業
112,399,F0701702,南亞塑膠工業股份有限公司樹林廠,"52,219.17","37,555.13","89,774.30",新北市,塑膠及合成橡膠原料製造業,石化業
112,411,F1600491,南亞塑膠工業股份有限公司林口二廠,"20,191.64","59,929.52","80,121.15",新北市,塑膠製品製造業,石化業
112,297,F0801707,三洋窯業股份有限公司,"26,899.48","9,325.14","36,224.62",新北市,其他非金屬礦物製品製造業,非金屬業
112,460,F1700736,台灣電力股份有限公司林口發電廠,"14,074,815.78","1,603.75","14,076,419.53",新北市,電力供應業,電力業
112,481,F2800075,台灣電力股份有限公司第二核能發電廠,"5,773.63","59,089.03","64,862.66",新北市,電力供應業,電力業
112,101,F1606662,南亞科技股份有限公司三廠,"56,653.82","373,670.30","430,324.12",新北市,半導體製造業,電子業
112,170,F0401403,德州儀器工業股份有限公司,"1,581.51","46,339.18","47,920.69",新北市,半導體製造業,電子業
112,171,F0500803,台灣通用器材股份有限公司,"3,781.05","44,135.15","47,916.20",新北市,半導體製造業,電子業
112,262,F07B5260,南亞電路板股份有限公司樹林一廠,"1,616.29","60,819.47","62,435.77",新北市,印刷電路板製造業,電子業
112,271,F1304789,燿華電子股份有限公司土城二廠,659.4025,"41,699.33","42,358.73",新北市,印刷電路板製造業,電子業
112,32,O1746614,聯亞科技股份有限公司三廠,100.2771,"213,314.73","213,415.01",新竹市,化學原材料製造業,石化業
112,75,O17N2261,亞東工業氣體股份有限公司竹科二廠,3.3179,"32,386.94","32,390.26",新竹市,化學原材料製造業,石化業
112,2,J5700222,遠東新世紀股份有限公司化學纖維總廠,"267,507.45","117,561.72","385,069.17",新竹縣,人造纖維製造業,石化業
112,66,J6300539,聯亞科技股份有限公司一廠,7.4208,"44,849.67","44,857.09",新竹縣,化學原材料製造業,石化業
112,395,J5901658,長春人造樹脂廠股份有限公司新竹廠,"159,010.34","71,858.56","230,868.89",新竹縣,塑膠及合成橡膠原料製造業,石化業
112,421,J5901747,三陽工業股份有限公司新竹廠,"11,424.54","25,533.30","36,957.84",新竹縣,機車及其零件製造業,其他業
112,424,J6100762,南港輪胎股份有限公司新豐廠,"12,672.30","26,301.15","38,973.45",新竹縣,橡膠製品製造業,其他業
112,426,J5901854,台灣普利司通股份有限公司新竹工廠,"9,994.90","17,770.72","27,765.63",新竹縣,橡膠製品製造業,其他業
112,346,O1703351,台灣玻璃工業股份有限公司新竹廠,"120,304.40","42,695.83","163,000.23",新竹市,玻璃及其製品製造業,非金屬業
112,351,O1703315,華夏玻璃股份有限公司,"76,030.98","26,120.55","102,151.53",新竹市,玻璃及其製品製造業,非金屬業
112,357,J5700231,大享容器工業股份有限公司,"38,377.09","9,748.00","48,125.09",新竹縣,玻璃及其製品製造業,非金屬業
112,374,O1702523,正隆股份有限公司新竹廠,"15,259.20","10,461.73","25,720.94",新竹市,紙漿、紙及紙板製造業,造紙業
112,307,J5500366,正隆股份有限公司竹北廠,"80,905.96","47,977.68","128,883.63",新竹縣,其他紙製品製造業,造紙業
112,475,J5601064,新桃電力股份有限公司,"759,054.23","7,002.94","766,057.17",新竹縣,電力供應業,電力業
112,110,O1709308,台灣積體電路製造股份有限公司十二廠,"53,801.63","252,600.02","306,401.66",新竹市,半導體製造業,電子業
112,111,O17M3925,力晶積成電子製造股份有限公司P1/2,"21,583.49","278,194.47","299,777.96",新竹市,半導體製造業,電子業
112,118,O1713311,台灣積體電路製造股份有限公司八廠,"70,610.39","171,977.83","242,588.22",新竹市,半導體製造業,電子業
112,124,O17A6887,旺宏電子股份有限公司晶圓五廠,"55,996.40","151,115.22","207,111.61",新竹市,半導體製造業,電子業
112,125,O1709148,聯華電子股份有限公司Fab8D廠,"59,347.39","147,122.38","206,469.77",新竹市,半導體製造業,電子業
112,128,O1751197,世界先進積體電路股份有限公司晶圓二廠,"38,139.03","126,393.38","164,532.41",新竹市,半導體製造業,電子業
112,130,O17M3896,力晶積成電子製造股份有限公司P3,"15,515.24","138,430.02","153,945.26",新竹市,半導體製造業,電子業
112,131,O1706209,聯華電子股份有限公司Fab8A廠,"45,681.61","104,923.85","150,605.45",新竹市,半導體製造業,電子業
112,132,O1706307,旺宏電子股份有限公司晶圓二廠,"63,138.11","85,053.70","148,191.80",新竹市,半導體製造業,電子業
112,135,O1704812,台灣茂矽電子股份有限公司,"80,834.37","45,102.86","125,937.23",新竹市,半導體製造業,電子業
112,144,O1706692,聯華電子股份有限公司Fab8E廠,"26,958.37","72,078.16","99,036.53",新竹市,半導體製造業,電子業
112,145,O1708632,聯華電子股份有限公司Fab8F廠,"23,138.23","75,387.96","98,526.19",新竹市,半導體製造業,電子業
112,148,O1753306,力晶積成電子製造股份有限公司8A,"8,788.86","79,486.44","88,275.30",新竹市,半導體製造業,電子業
112,156,O1700798,元隆電子股份有限公司,"47,601.84","21,397.75","68,999.59",新竹市,半導體製造業,電子業
112,166,O17A0968,新唐科技股份有限公司,"18,725.68","35,031.35","53,757.02",新竹市,半導體製造業,電子業
112,174,O17N5463,世界先進積體電路股份有限公司晶圓五廠,"6,227.91","40,211.53","46,439.44",新竹市,半導體製造業,電子業
112,179,O1747924,頎邦科技股份有限公司展業廠,213.2391,"43,503.75","43,716.99",新竹市,半導體製造業,電子業
112,190,O17N6560,鴻揚半導體股份有限公司,"8,320.13","26,711.55","35,031.68",新竹市,半導體製造業,電子業
112,196,O17N8209,盧森堡商達爾國際股份有限公司新竹分公司,"14,365.51","15,861.75","30,227.26",新竹市,半導體製造業,電子業
112,197,O1713197,台亞半導體股份有限公司力行廠,"2,123.72","27,347.23","29,470.95",新竹市,半導體製造業,電子業
112,200,O1707162,矽格聯測股份有限公司,377.1617,"28,468.88","28,846.04",新竹市,半導體製造業,電子業
112,248,O1707395,友達光電股份有限公司L5廠,944.6633,"32,640.25","33,584.91",新竹市,光電材料及元件製造業,電子業
112,322,O1749526,采鈺科技股份有限公司,"4,229.05","26,418.15","30,647.20",新竹市,其他電子零組件製造業,電子業
112,102,J63A1670,台灣積體電路製造股份有限公司十二廠七期,"48,023.07","375,839.94","423,863.02",新竹縣,半導體製造業,電子業
112,107,J63A1056,台灣積體電路製造股份有限公司十二廠四期/五期,"40,385.37","309,532.67","349,918.05",新竹縣,半導體製造業,電子業
112,114,J63A1591,台灣積體電路製造股份有限公司十二廠六期,"18,497.57","246,813.47","265,311.04",新竹縣,半導體製造業,電子業
112,120,J63A3567,台灣積體電路製造股份有限公司十二廠八期,"13,368.83","211,685.76","225,054.59",新竹縣,半導體製造業,電子業
112,126,J6301107,台灣積體電路製造股份有限公司三廠,"39,365.62","160,916.75","200,282.36",新竹縣,半導體製造業,電子業
112,129,J6300959,世界先進積體電路股份有限公司晶圓一廠,"55,186.76","107,146.43","162,333.19",新竹縣,半導體製造業,電子業
112,133,J63A0107,台灣積體電路製造股份有限公司十二廠研新廠,"11,368.93","130,441.43","141,810.36",新竹縣,半導體製造業,電子業
112,136,J6301090,環球晶圓股份有限公司中德廠,"1,531.51","122,507.42","124,038.92",新竹縣,半導體製造業,電子業
112,137,J6301447,台灣積體電路製造股份有限公司五廠,"29,731.78","92,019.67","121,751.45",新竹縣,半導體製造業,電子業
112,146,J6300557,台灣積體電路製造股份有限公司二廠,"19,956.66","74,697.99","94,654.65",新竹縣,半導體製造業,電子業
112,150,J63A0048,聯華電子股份有限公司Fab8S廠,"15,108.79","65,979.33","81,088.12",新竹縣,半導體製造業,電子業
112,151,J59A7436,力成科技股份有限公司3C廠,"2,248.73","73,957.30","76,206.04",新竹縣,半導體製造業,電子業
112,152,J59A0579,力成科技股份有限公司大同廠,"1,652.33","72,624.54","74,276.87",新竹縣,半導體製造業,電子業
112,157,J6300324,台灣積體電路製造股份有限公司三廠3E廠,"6,285.17","61,206.07","67,491.24",新竹縣,半導體製造業,電子業
112,169,J6300860,南茂科技股份有限公司竹科一廠,566.1499,"47,481.70","48,047.85",新竹縣,半導體製造業,電子業
112,172,J63A1719,聯穎光電股份有限公司竹科廠,"11,043.85","35,661.27","46,705.12",新竹縣,半導體製造業,電子業
112,176,J59B0675,頎邦科技股份有限公司光復廠,"7,714.79","37,149.99","44,864.77",新竹縣,半導體製造業,電子業
112,177,J63A1422,矽品精密工業股份有限公司新竹分公司三廠,391.19,"44,110.98","44,502.17",新竹縣,半導體製造業,電子業
112,178,J59B1009,力成科技股份有限公司文化一廠,"2,259.50","42,108.01","44,367.50",新竹縣,半導體製造業,電子業
112,182,J59A5024,晶兆成科技股份有限公司一廠,934.6102,"40,753.20","41,687.82",新竹縣,半導體製造業,電子業
112,183,J6300299,漢磊科技股份有限公司研發廠,"18,669.13","22,850.46","41,519.60",新竹縣,半導體製造業,電子業
112,185,J59A1389,矽格股份有限公司湖口廠,251.6861,"40,075.05","40,326.73",新竹縣,半導體製造業,電子業
112,186,J5501121,南茂科技股份有限公司(竹北廠),834.8057,"37,614.35","38,449.15",新竹縣,半導體製造業,電子業
112,191,J5909814,艾克爾國際科技股份有限公司新竹廠,166.1097,"34,379.73","34,545.84",新竹縣,半導體製造業,電子業
112,195,J59B2542,晶兆成科技股份有限公司二廠,348.9635,"30,050.23","30,399.20",新竹縣,半導體製造業,電子業
112,199,J5909010,欣銓科技股份有限公司新工一廠,550.01,"28,659.66","29,209.67",新竹縣,半導體製造業,電子業
112,203,J59B0259,南茂科技股份有限公司湖口一廠,"1,189.50","26,513.28","27,702.78",新竹縣,半導體製造業,電子業
112,204,J59B1316,力成科技股份有限公司新興廠,"1,932.23","24,933.17","26,865.40",新竹縣,半導體製造業,電子業
112,244,J59A4937,元晶太陽能科技股份有限公司新竹廠,"7,025.94","36,363.43","43,389.37",新竹縣,光電材料及元件製造業,電子業
112,256,J61A1452,欣興電子股份有限公司新豐一廠,"8,312.96","113,330.64","121,643.60",新竹縣,印刷電路板製造業,電子業
112,263,J61A3270,景碩科技股份有限公司新豐一廠,"5,441.04","53,812.17","59,253.21",新竹縣,印刷電路板製造業,電子業
112,267,J5500491,台燿科技股份有限公司,"19,987.62","25,476.64","45,464.26",新竹縣,印刷電路板製造業,電子業
112,276,J5905343,旭德科技股份有限公司,"2,666.41","27,975.02","30,641.43",新竹縣,印刷電路板製造業,電子業
112,277,J5902468,台豐印刷電路工業股份有限公司新竹第一工廠,752.13,"29,849.08","30,601.21",新竹縣,印刷電路板製造業,電子業
112,279,J59B2582,欣興電子股份有限公司仁義一廠,"1,017.04","29,016.97","30,034.00",新竹縣,印刷電路板製造業,電子業
112,282,J61A3280,景碩科技股份有限公司新豐二廠,256.7606,"25,204.12","25,460.88",新竹縣,印刷電路板製造業,電子業
112,315,J5909547,力成科技股份有限公司湖口廠,"1,214.22","42,983.87","44,198.10",新竹縣,其他電子零組件製造業,電子業
112,321,J6203071,台星科股份有限公司,"3,274.88","28,685.99","31,960.87",新竹縣,其他電子零組件製造業,電子業
112,1,Q7100254,台灣化學纖維股份有限公司新港廠,"2,067,217.00","19,357.23","2,086,574.24",嘉義縣,人造纖維製造業,石化業
112,285,Q68A1602,和大工業股份有限公司嘉義廠,"2,122.81","25,415.71","27,538.52",嘉義縣,汽車零件製造業,其他業
112,343,Q76A0767,曜智實業股份有限公司嘉義廠,"25,143.77","5,376.84","30,520.60",嘉義縣,染整業,紡織業
112,347,Q7100245,台灣必成股份有限公司新港廠,"40,358.44","114,311.00","154,669.44",嘉義縣,玻璃及其製品製造業,非金屬業
112,356,Q6901613,福隆玻璃纖維股份有限公司,"21,530.80","28,319.14","49,849.95",嘉義縣,玻璃及其製品製造業,非金屬業
112,394,Q7100754,台灣塑膠工業股份有限公司新港廠,"9,172.96","254,840.06","264,013.02",嘉義縣,塑膠及合成橡膠原料製造業,石化業
112,409,Q7100272,南亞塑膠工業股份有限公司新港廠,"41,834.16","700,132.67","741,966.83",嘉義縣,塑膠製品製造業,石化業
112,410,Q7600375,南亞塑膠工業股份有限公司嘉義廠,"14,883.63","74,318.15","89,201.78",嘉義縣,塑膠製品製造業,石化業
112,470,Q6907286,嘉惠電力股份有限公司,"1,756,929.01","18,091.32","1,775,020.33",嘉義縣,電力供應業,電力業
112,5,N2904318,力鵬企業股份有限公司彰化尼龍總廠,"69,916.34","60,357.44","130,273.78",彰化縣,人造纖維製造業,石化業
112,6,N2902234,力麗企業股份有限公司彰化化纖總廠,"48,275.70","63,742.82","112,018.52",彰化縣,人造纖維製造業,石化業
112,48,N1607141,台灣鋼聯股份有限公司,"73,123.37","9,399.67","82,523.04",彰化縣,化學原材料製造業,石化業
112,55,N16A1755,長春人造樹脂廠股份有限公司彰濱廠,"45,305.46","25,204.28","70,509.74",彰化縣,化學原材料製造業,石化業
112,65,N15A2520,長春石油化學股份有限公司彰濱廠,"38,510.37","11,989.30","50,499.67",彰化縣,化學原材料製造業,石化業
112,88,N16A0638,晉瑜企業股份有限公司彰濱廠,"6,651.94","32,505.99","39,157.93",彰化縣,水泥及其製品製造業,非金屬業
112,141,N0911075,矽品精密工業股份有限公司彰化廠,"1,424.04","109,078.58","110,502.62",彰化縣,半導體製造業,電子業
112,289,N1601229,慶欣欣鋼鐵股份有限公司,"136,601.74","215,342.11","351,943.85",彰化縣,其他金屬製品製造業,其他業
112,348,N08A1098,台灣玻璃工業股份有限公司鹿港平板廠,"107,631.88","14,734.85","122,366.73",彰化縣,玻璃及其製品製造業,非金屬業
112,350,N0803765,台灣玻璃工業股份有限公司鹿港廠,"30,529.40","77,044.82","107,574.22",彰化縣,玻璃及其製品製造業,非金屬業
112,364,N1400562,榮成紙業股份有限公司,"232,555.03","262,149.96","494,705.00",彰化縣,紙漿、紙及紙板製造業,造紙業
112,367,N14A1507,榮成紙業股份有限公司蒸汽廠,"252,626.29",,"252,626.29",彰化縣,紙漿、紙及紙板製造業,造紙業
112,423,N2100552,正新橡膠工業股份有限公司,"23,511.65","26,832.50","50,344.15",彰化縣,橡膠製品製造業,其他業
112,425,N3200337,正新橡膠工業股份有限公司溪州廠,"6,980.85","22,226.44","29,207.30",彰化縣,橡膠製品製造業,其他業
112,472,N1505633,星元電力股份有限公司,"1,074,511.01","2,181.50","1,076,692.51",彰化縣,電力供應業,電力業
112,474,N1504207,星能電力股份有限公司,"1,035,912.17","2,614.25","1,038,526.42",彰化縣,電力供應業,電力業
112,479,X0501232,台灣電力股份有限公司尖山發電廠,"169,887.18",219.336,"170,106.51",澎湖縣,電力供應業,電力業
,,,,,,,,,
,,,,,,,,,
,1~456(製造業),,,"90,347,290","53,423,486","143,770,776.00",,,
,1~482,,,"214,134,641","53,558,504","267,693,144.46",,,