plant_id,short_name,lat,lon,coord_source,query,matched
C01,台泥,24.30400,121.75300,manual,,推定為和平廠(台泥鈣迴路碳捕捉試驗)；問卷未填縣市，待確認
C02,台電台中,24.21350,120.48150,manual,,台中火力發電廠(梧棲/龍井沿海)
C03,林園先進,22.50500,120.40500,manual,,林園石化工業區(推定；問卷未填地址)
C04,長榮鋼鐵,22.99900,120.22700,manual,,問卷填「臺南市/新竹縣」；暫以臺南市區示意，待確認實際廠址
P01,台塑化,23.78580,120.19050,manual,雲林縣麥寮鄉,麥寮六輕工業區(台塑工業園區)，地址只配到鄉鎮中心，改用園區位置
P02,中油大林,22.51876,120.35538,geocode_road,高雄市小港區沿海四路,"沿海四路, 龍鳳里, 小港區, 鳳鼻頭, 高雄市, 812, 臺灣"
P03,中油桃煉,25.03146,121.30370,geocode_road,桃園市龜山區民生北路一段,"民生北路一段, 圳頭下, 南上里, 龜山區, 桃園市, 333, 臺灣"
P04,中油石化,22.49860,120.40785,geocode_road,高雄市林園區石化二路,"石化二路, 林園產業園區, 五福里, 林園區, 林子邊, 高雄市, 832, 臺灣"
P05,台化,23.78580,120.19050,manual,,化一部芳香烴廠位於麥寮六輕；填表址為台北內湖不代表廠址
P06,台塑麥寮,23.78580,120.19050,manual,雲林縣麥寮鄉,麥寮六輕工業區(台塑工業園區)
P07,台塑仁武,22.70641,120.33103,geocode_road,高雄市仁武區水管路,"水管路, 竹後里, 仁武區, 竹後, 高雄市, 814, 臺灣"
P08,台塑林園,22.50758,120.41114,geocode_road,高雄市林園區石化一路,"石化一路, 林園產業園區, 溪州里, 林園區, 林子邊, 高雄市, 832, 臺灣"
P09,大連大發,22.58897,120.42280,geocode_road,高雄市大寮區大發工業區華西路,"華西路, 大發產業園區, 大寮里, 大寮區, 大寮, 高雄市, 831, 臺灣"
P10,大連麥寮,23.78580,120.19050,manual,雲林縣麥寮鄉,麥寮六輕工業區(台塑工業園區)
P11,長春苗栗,24.56148,120.81923,geocode_area,苗栗縣苗栗市,"苗栗市, 苗栗縣, 臺灣"
P12,長春彰濱,24.14443,120.43140,geocode_road,彰化縣線西鄉彰濱西三路,"彰濱西三路, 寓埔村, 線西鄉, 彰化縣, 507, 臺灣"
P13,信昌,22.49292,120.41576,geocode_road,高雄市林園區工業三路,"工業三路, 五福里, 林園區, 汕尾, 高雄市, 832, 臺灣"
P14,中石化頭份,24.69926,120.91915,geocode_road,苗栗縣頭份市中華路,"中華路, 下山下, 山下里, 頭份市, 苗栗縣, 35156, 臺灣"
P15,中石化小港,22.58280,120.35034,geocode_road,高雄市小港區中林路,"高雄市小港區桂林國民小學, 390, 桂陽路, 中大厝, 桂林里, 小港區, 高雄市, 81252, 臺灣"
P16,台苯,22.50471,120.40599,geocode_road,高雄市林園區工業一路,"工業一路, 林園產業園區, 溪州里, 林園區, 林子邊, 高雄市, 832, 臺灣"
P17,台石化,22.52325,120.41277,geocode_road,高雄市林園區工業二路,"工業二路, 潭頭里, 林園區, 昭明, 高雄市, 832, 臺灣"
P18,和益,22.48785,120.40368,geocode_road,高雄市林園區石化三路,"石化三路, 林園產業園區, 五福里, 林園區, 中芸, 高雄市, 832, 臺灣"
P19,國喬,22.71963,120.34244,geocode_road,高雄市大社區興工路,"興工路, 仁大產業園區, 三奶里, 大社區, 三奶壇, 高雄市, 815, 臺灣"
P20,華夏,24.68653,120.91267,geocode_area,苗栗縣頭份市,"頭份市, 苗栗縣, 臺灣"
P21,環球橡膠,22.58280,120.35034,geocode_road,高雄市小港區中林路,"高雄市小港區桂林國民小學, 390, 桂陽路, 中大厝, 桂林里, 小港區, 高雄市, 81252, 臺灣"
P22,台塑科騰,23.78580,120.19050,manual,雲林縣麥寮鄉,麥寮六輕工業區(台塑工業園區)
P23,和桐,22.70114,120.34767,geocode_area,高雄市仁武區,"仁武區, 仁武, 高雄市, 814, 臺灣"
P24,中日合成,22.48630,120.40903,geocode_road,高雄市林園區石化四路,"石化四路, 林園產業園區, 北汕里, 林園區, 汕尾, 高雄市, 832, 臺灣"
P25,台橡,22.71963,120.34244,geocode_road,高雄市大社區興工路,"興工路, 仁大產業園區, 三奶里, 大社區, 三奶壇, 高雄市, 815, 臺灣"
P26,台聚,22.68863,120.35147,geocode_road,高雄市仁武區鳳仁路,"鳳仁路, 灣内, 灣內里, 仁武區, 仁武, 高雄市, 814, 臺灣"
P27,李長榮,22.58280,120.35034,geocode_road,高雄市小港區中林路,"高雄市小港區桂林國民小學, 390, 桂陽路, 中大厝, 桂林里, 小港區, 高雄市, 81252, 臺灣"
P28,奇美,22.96434,120.25349,geocode_road,臺南市仁德區中正路,"中正路(仁德), 中正路二段, 新田工業區, 仁義里, 仁德區, 臺南市, 717, 臺灣"
P29,高雄塑酯,22.71963,120.34244,geocode_road,高雄市大社區興工路,"興工路, 仁大產業園區, 三奶里, 大社區, 三奶壇, 高雄市, 815, 臺灣"
X01,台醋,23.78580,120.19050,manual,雲林縣麥寮鄉台塑工業園區,麥寮六輕工業區(台塑工業園區)
X02,桐寶,22.50713,120.39490,geocode_address,高雄市林園區,"林園區, 林子邊, 高雄市, 832, 臺灣"
X03,氣體商,,,,,
X04,中鋼,22.54450,120.33250,manual,高雄市小港區中鋼路,中鋼小港廠；Nominatim 誤配到其他「中鋼路」
X05,良欣實業,,,,,
X99,未明示,,,,,
