control_no,name,city,address,lat,lon,coord_source,query,matched
B2311535,台灣康寧顯示玻璃股份有限公司,臺中市,臺中市西屯區科園路1號,24.20220,120.61734,geocode_road,臺中市西屯區科園路,"科園路, 中部科學園區台中園區, 林厝里, 西屯區, 臺中市, 428728, 臺灣"
B2313762,宏全國際股份有限公司台中二廠,臺中市,臺中市西屯區工業區二路7號,24.16910,120.61244,geocode_road,臺中市西屯區工業區二路,"工業區二路, 臺中產業園區, 協和里, 西屯區, 臺中市, 407241, 臺灣"
B2313780,友達光電股份有限公司台中廠,臺中市,臺中市西屯區林厝里二鄰中科路一號,24.16530,120.63366,geocode_area,臺中市西屯區,"西屯區, 臺中七期, 臺中市, 臺灣"
B23B6125,台灣積體電路製造股份有限公司十五B廠,臺中市,臺中市西屯區新科路1號,24.20980,120.61060,geocode_road,臺中市西屯區新科路,"新科路, 中科台中園區擴建區, 林厝里, 西屯區, 臺中市, 428728, 臺灣"
B23D3224,聯亞科技股份有限公司中科科園工廠,臺中市,臺中市西屯區科園南路6號,24.19302,120.65451,geocode_road,臺中市西屯區科園南路,"臺中市立美術館, 中科路, 水湳經貿園區, 港尾里, 西屯區, 水湳經貿園區, 臺中市, 407013, 臺灣"
B24A7498,大立光電股份有限公司精密機械園區廠,臺中市,臺中市南屯區文山里精科路11號,24.14874,120.60802,geocode_road,臺中市南屯區精科路,"精科路, 文山里, 南屯區, 臺中市, 40850, 臺灣"
B24B8988,大立光電股份有限公司七廠,臺中市,臺中市南屯區文山里精科路13號1.2樓及地下一、二、三層,24.14874,120.60802,geocode_road,臺中市南屯區精科路,"精科路, 文山里, 南屯區, 臺中市, 40850, 臺灣"
B24B8998,大立光電股份有限公司七之一廠,臺中市,臺中市南屯區文山里精科路13號3.4.5樓,24.14874,120.60802,geocode_road,臺中市南屯區精科路,"精科路, 文山里, 南屯區, 臺中市, 40850, 臺灣"
B9100709,華新麗華股份有限公司台中不銹鋼廠,臺中市,臺中市梧棲區經三路57號,24.24458,120.51099,geocode_road,臺中市梧棲區經三路,"經三路, 中港科技產業園區, 草湳里, 梧棲區, 臺中市, 435059, 臺灣"
B9202664,台灣美光記憶體股份有限公司台中二廠,臺中市,臺中市后里區后科南路88號、88-1號,24.31553,120.73324,geocode_road,臺中市后里區后科南路,"后科南路, 后里里, 后里區, 臺中市, 42142, 臺灣"
B9205905,台灣美光記憶體股份有限公司台中三廠,臺中市,臺中市后里區三豐路四段369號,24.30491,120.71071,geocode_area,臺中市后里區,"后里區, 臺中市, 臺灣"
B9206975,台灣美光記憶體股份有限公司台中四廠,臺中市,臺中市后里區后里里后科路二段309號,24.31262,120.73775,geocode_road,臺中市后里區里后科路二段,"后科路二段, 仁里里, 后里區, 臺中市, 321, 臺灣"
B9501153,聯亞科技股份有限公司中科聯豐工廠,臺中市,臺中市大雅區科雅二路6-1號,24.21564,120.62101,geocode_road,臺中市大雅區科雅二路,"科雅二路, 中部科學園區台中園區, 橫山里, 大雅區, 臺中市, 428728, 臺灣"
B9503479,台灣積體電路製造股份有限公司先進封測五廠,臺中市,臺中市大雅區科雅西路5號,24.21865,120.62230,geocode_road,臺中市大雅區科雅西路,"科雅西路, 中部科學園區台中園區, 橫山里, 大雅區, 臺中市, 42881, 臺灣"
C1400170,台灣電力股份有限公司協和發電廠,基隆市,基隆市中山區協和里文化路80號,25.15340,121.73070,geocode_road,基隆市中山區文化路,"文化路, 文化里, 中山區, 外木山, 基隆市, 20345, 臺灣"
D0302141,聯華電子股份有限公司Fab12A廠第二廠區,臺南市,臺南市新市區南科三路57號,23.09613,120.27162,geocode_road,臺南市新市區南科三路,"南科三路, 南科台南園區, 大道公, 豐華里, 新市區, 臺南市, 744, 臺灣"
D0306069,聯亞科技股份有限公司樹谷工廠,臺南市,臺南市新市區豐華里風鈴路一八號,23.09685,120.25795,geocode_road,臺南市新市風鈴路,"風鈴路, 南科台南園區, 豐華里, 新市區, 臺南市, 744, 臺灣"
D0310287,台灣積體電路製造股份有限公司先進封測八廠,臺南市,臺南市新市區豐華里5鄰豐華168號,23.06822,120.28972,geocode_area,臺南市新市,"新市, 1, 中華路, 新和里, 新市區, 臺南市, 744, 臺灣"
D0402208,台灣積體電路製造股份有限公司十八廠一期,臺南市,臺南市安定區蘇林里北園二路8號,23.11740,120.26696,geocode_road,臺南市安定區北園二路,"北園二路, 南科台南園區, 蘇林里, 安定區, 臺南市, 745, 臺灣"
D0402431,台灣積體電路製造股份有限公司十八廠二期,臺南市,臺南市安定區蘇林里北園二路8號(二期區域),23.11740,120.26696,geocode_road,臺南市安定區北園二路,"北園二路, 南科台南園區, 蘇林里, 安定區, 臺南市, 745, 臺灣"
D0402904,台灣積體電路製造股分有限公司18廠三期,臺南市,臺南市安定區蘇林里北園二路8號(三期區域),23.11740,120.26696,geocode_road,臺南市安定區北園二路,"北園二路, 南科台南園區, 蘇林里, 安定區, 臺南市, 745, 臺灣"
D0403385,三福氣體股份有限公司南科分公司南科8廠,臺南市,臺南市安定區蘇林里北園三路10號,23.12291,120.26363,geocode_road,臺南市安定區北園三路,"北園三路, 南科台南園區, 蘇林里, 安定區, 臺南市, 745, 臺灣"
D0403492,台灣積體電路製造股份有限公司十八廠七期,臺南市,臺南市安定區蘇林里北園一路 1 號,23.12028,120.26701,geocode_address,臺南市安定區蘇林里北園一路 1 號,"1號, 北園一路, 南科台南園區, 西衚, 蘇林里, 安定區, 臺南市, 745, 臺灣"
D32A0393,安瀚視特股份有限公司台南第二工廠,臺南市,臺南市安南區鹽田里工業三路21號,23.03318,120.15486,geocode_road,臺南市安南區工業三路,"工業三路, 臺南產業園區, 北寮, 塩田里, 安南區, 臺南市, 709, 臺灣"
D9000120,精金科技股份有限公司,臺南市,臺南市善化區北園一路7號,23.12233,120.26728,geocode_road,臺南市善化區北園一路,"北園一路, 南科台南園區, 西衚, 胡厝里, 善化區, 臺南市, 741, 臺灣"
D9000746,台灣積體電路製造股份有限公司十四B廠,臺南市,臺南市善化區南科九路17號,23.12054,120.27845,geocode_road,臺南市善化區南科九路,"南科九路, 南科台南園區, 南科特定區F區, 南關里, 善化區, 臺南市, 741, 臺灣"
D9001396,台灣積體電路製造股份有限公司十四廠七期,臺南市,臺南市善化區南關里三抱竹路1號,23.13226,120.29690,geocode_area,臺南市善化區,"善化區, 臺南市, 741, 臺灣"
D9006435,台灣積體電路製造股份有限公司先進封測二廠二期,臺南市,臺南市善化區南部科學園區南關里南科七路18之 1號（二期區域）,23.11291,120.28186,geocode_road,臺南市善化區南科七路,"南科七路, 南科台南園區, 南關里, 善化區, 臺南市, 741, 臺灣"
D9007601,台灣積體電路製造股份有限公司十四廠八期,臺南市,臺南市善化區南關里三抱竹路一號(八期區域),23.13226,120.29690,geocode_area,臺南市善化區,"善化區, 臺南市, 741, 臺灣"
D9008466,台灣積體電路製造股份有限公司十八廠八期,臺南市,臺南市善化區安順一路5號,23.13226,120.29690,geocode_area,臺南市善化區,"善化區, 臺南市, 741, 臺灣"
D9008484,三福氣體股份有限公司南科分公司南科9廠,臺南市,臺南市善化區北園一路11號,23.12233,120.26728,geocode_road,臺南市善化區北園一路,"北園一路, 南科台南園區, 西衚, 胡厝里, 善化區, 臺南市, 741, 臺灣"
E1901105,台合科技股份有限公司,高雄市,高雄市林園區工業二路1-1號,22.52325,120.41277,geocode_road,高雄市林園區工業二路,"工業二路, 潭頭里, 林園區, 昭明, 高雄市, 832, 臺灣"
E1902497,林園先進材料科技股份有限公司,高雄市,高雄市林園區石化四路一號,22.48630,120.40903,geocode_road,高雄市林園區石化四路,"石化四路, 林園產業園區, 北汕里, 林園區, 汕尾, 高雄市, 832, 臺灣"
E2000554,錦州科技股份有限公司大發廠,高雄市,高雄市大寮區華西路8-6號,22.58897,120.42280,geocode_road,高雄市大寮區華西路,"華西路, 大發產業園區, 大寮里, 大寮區, 大寮, 高雄市, 831, 臺灣"
E2303336,台灣福雷電子股份有限公司大社廠,高雄市,高雄市大社區三奶里三中路385號,22.72997,120.34664,geocode_area,高雄市大社區,"大社區, 三奶壇, 高雄市, 815, 臺灣"
E2902160,群創光電股份有限公司T6廠,高雄市,高雄市路竹區後鄉里路科十路11號(B室),22.83992,120.25369,geocode_road,高雄市路竹區路科十路,"路科十路, 南科高雄園區, 後鄉里, 路竹區, 半路竹, 高雄市, 821, 臺灣"
E2902964,友達光電股份有限公司高雄廠,高雄市,高雄市路竹區路科三路9號,22.83492,120.26021,geocode_road,高雄市路竹區路科三路,"路科三路, 南科高雄園區, 竹南里, 路竹區, 半路竹, 高雄市, 821, 臺灣"
E2903416,華邦電子股份有限公司高雄廠,高雄市,高雄市路竹區路科五路35號,22.84437,120.25113,geocode_road,高雄市路竹區路科五路,"路科五路, 南科高雄園區, 後鄉里, 路竹區, 半路竹, 高雄市, 821, 臺灣"
E4900404,國巨股份有限公司楠梓分公司,高雄市,高雄市楠梓區西三街2、2-2、2-3、2-4、4、4-2、4-3、4-4、6、6-2、6-3、6-4、8、8-2、8-4、12、12-2、12-3、12-4、14、14-2、14-3、14-4、16、16-2、16-3、16-4、18、18-2、18-3、18-4號、8號地下室、12號地下室、經六路51號,22.71904,120.30156,geocode_road,高雄市楠梓區西三街,"西三街, 楠梓科技產業園區, 瑞屏里, 楠梓區, 高雄市, 811, 臺灣"
E4900753,楠梓電子股份有限公司,高雄市,高雄市楠梓區開發路37號、39號、經二路11號、經三路42號、經五路22號、經四路21號、中二街2號、中二街11號,22.72051,120.30161,geocode_road,高雄市楠梓區開發路,"開發路, 楠梓科技產業園區, 瑞屏里, 楠梓區, 高雄市, 811, 臺灣"
E4900879,台灣福雷電子股份有限公司,高雄市,高雄市楠梓區楠梓加工出口區西五街10號、內環北路109號13、14樓,22.72141,120.30188,geocode_road,高雄市楠梓區楠梓加工出口區西五街,"西五街, 楠梓科技產業園區, 瑞屏里, 楠梓區, 高雄市, 811, 臺灣"
E4901947,華泰電子股份有限公司中三廠,高雄市,高雄市楠梓區中三街9號,22.72390,120.30219,geocode_road,高雄市楠梓區中三街,"中三街, 楠梓科技產業園區, 瑞屏里, 楠梓區, 九甲圍, 高雄市, 811, 臺灣"
E4905365,日月光半導體製造股份有限公司九廠,高雄市,高雄市楠梓區內環北路109號7、8、9、12樓,22.72536,120.30672,geocode_road,高雄市楠梓區內環北路,"內環北路, 楠梓科技產業園區, 瑞屏里, 楠梓區, 九甲圍, 高雄市, 811, 臺灣"
E4906835,日月光半導體製造股份有限公司十一廠,高雄市,高雄市楠梓區瑞屏里中央路30號1樓、2樓、3樓、4樓、5樓、6樓、7樓、8樓、9樓、10樓及內環北路107號(1A1)、107號、107號2樓、107號之1、107-2號(4樓),22.72566,120.33106,geocode_road,高雄市楠梓區中央路,"高雄市楠梓區楠陽國民小學, 100, 楠陽路, 五常里, 楠梓區, 三奶壇, 高雄市, 811020, 臺灣"
E49A1492,華泰電子股份有限公司經三廠,高雄市,高雄市楠梓區瑞屏里經三路80號及80號地下一層,22.72362,120.30505,geocode_road,高雄市楠梓區經三路,"經三路, 楠梓科技產業園區, 瑞屏里, 楠梓區, 九甲圍, 高雄市, 811, 臺灣"
E49A5078,日月光半導體製造股份有限公司十二廠,高雄市,高雄市楠梓區瑞屏里內環北路一一五號四、五、六、七、八、九、一○樓,22.72536,120.30672,geocode_road,高雄市楠梓區內環北路,"內環北路, 楠梓科技產業園區, 瑞屏里, 楠梓區, 九甲圍, 高雄市, 811, 臺灣"
E49A5692,日月光半導體製造股份有限公司二十一廠,高雄市,高雄市楠梓區高雄市楠梓區創意南路2號1、2、3、4、5、6、7、8、9樓,22.71282,120.30140,geocode_road,高雄市楠梓區高雄市楠梓區創意南路,"創意南路, 楠梓科技產業園區第二園區, 宏榮里, 楠梓區, 高雄市, 811, 臺灣"
E49A6412,台灣福雷電子股份有限公司三廠,高雄市,高雄市楠梓區創意北路1號6樓、科技路2號3、4、7樓,22.71477,120.30067,geocode_road,高雄市楠梓區創意北路,"創意北路, 楠梓科技產業園區第二園區, 宏榮里, 楠梓區, 高雄市, 811, 臺灣"
E49A6630,日月光半導體製造股份有限公司二十二廠,高雄市,高雄市楠梓區創意北路１號1、2、3、4、5、7、8、9樓、研發路66號1、2、3、7、8、9、10、11樓,22.71477,120.30067,geocode_road,高雄市楠梓區創意北路,"創意北路, 楠梓科技產業園區第二園區, 宏榮里, 楠梓區, 高雄市, 811, 臺灣"
E49A9852,日月光半導體製造股份有限公司二十四廠,高雄市,高雄市楠梓區創意南路1號1、2、3、4、5、6、7、8樓、3號、5號、7號,22.71282,120.30140,geocode_road,高雄市楠梓區創意南路,"創意南路, 楠梓科技產業園區第二園區, 宏榮里, 楠梓區, 高雄市, 811, 臺灣"
E49B5035,台灣積體電路製造股份有限公司二十二廠一期,高雄市,高雄市楠梓區園區北路1號,22.71017,120.30995,geocode_road,高雄市楠梓區園區北路,"園區北路, 宏毅新村, 宏毅里, 楠梓區, 五塊厝, 高雄市, 811, 臺灣"
E49B5184,三福氣體股份有限公司高科廠,高雄市,高雄市楠梓區左楠路2-2號,22.70929,120.30353,geocode_road,高雄市楠梓區左楠路,"高雄市楠梓區油廠國民小學, 4, 左楠路, 宏榮里, 楠梓區, 高雄市, 811, 臺灣"
E5400878,台灣電力股份有限公司南部發電廠,高雄市,高雄市前鎮區成功二路5號,22.59630,120.30461,geocode_road,高雄市前鎮區成功二路,"成功二路, 興邦里, 前鎮區, 前鎮, 高雄市, 806, 臺灣"
E5402523,華東科技股份有限公司,高雄市,高雄市前鎮區北一路18號、18號2、3、4、5、6、7、8樓、18之1號、北一路28號1、2、3、4、5樓,22.60316,120.28990,geocode_road,高雄市前鎮區北一路,"北一路, 前鎮科技產業園區, 鎮北里, 前鎮區, 前鎮, 高雄市, 806, 臺灣"
E5600056,台灣中油股份有限公司煉製事業部大林煉油廠,高雄市,高雄市小港區鳳森里沿海四路50號、中林路5號、中林路25號、中利街22號、小港區鳳嗚里中利街1號、小港區山明里北林路8號、小港區山明里朝興路1號,22.52831,120.34747,geocode_road,高雄市小港區沿海四路,"沿海四路, 鳳森里, 小港區, 大林蒲, 高雄市, 812, 臺灣"
E5600092,中鋼鋁業股份有限公司,高雄市,高雄市小港區東林路17號,22.54422,120.37605,geocode_road,高雄市小港區東林路,"東林路, 山明里, 小港區, 二橋, 高雄市, 812, 臺灣"
E5600136,台灣志氯化學股份有限公司碱氯廠,高雄市,高雄市小港區鳳森里中智街25號,22.56539,120.33798,geocode_area,高雄市小港區,"小港區, 小港, 高雄市, 812, 臺灣"
E5600305,李長榮化學工業股份有限公司高雄廠,高雄市,高雄市小港區中林路3號,22.58280,120.35034,geocode_road,高雄市小港區中林路,"高雄市小港區桂林國民小學, 390, 桂陽路, 中大厝, 桂林里, 小港區, 高雄市, 81252, 臺灣"
E5600332,協勝發鋼鐵廠股份有限公司,高雄市,高雄市小港區店鎮里光陽街7、9號,22.55904,120.36563,geocode_road,高雄市小港區光陽街,"光陽街, 店鎮里, 小港區, 二橋, 高雄市, 812, 臺灣"
E5600369,東和鋼鐵企業股份有限公司高雄廠,高雄市,高雄市小港區店鎮里嘉興街8號,22.56040,120.36122,geocode_road,高雄市小港區嘉興街,"嘉興街, 店鎮里, 小港區, 大人宮, 高雄市, 812, 臺灣"
E5600501,海光企業股份有限公司,高雄市,高雄市小港區沿海二路12號,22.55167,120.36460,geocode_road,高雄市小港區沿海二路,"沿海二路, 山明里, 小港區, 二橋, 高雄市, 812, 臺灣"
E5600565,盛餘股份有限公司,高雄市,高雄市小港區中林路11號,22.58280,120.35034,geocode_road,高雄市小港區中林路,"高雄市小港區桂林國民小學, 390, 桂陽路, 中大厝, 桂林里, 小港區, 高雄市, 81252, 臺灣"
E5600841,中國鋼鐵股份有限公司,高雄市,高雄市小港區中鋼路1號、東林路17號、大業南路38號、沿海三路56號,22.54474,120.35659,manual,,OSM：中國鋼鐵公司（小港區）
E5600850,中國石油化學工業開發股份有限公司小港廠,高雄市,高雄市小港區中林路34號,22.58280,120.35034,geocode_road,高雄市小港區中林路,"高雄市小港區桂林國民小學, 390, 桂陽路, 中大厝, 桂林里, 小港區, 高雄市, 81252, 臺灣"
E5600869,台灣糖業股份有限公司小港廠,高雄市,高雄市小港區小港里小港路133號,22.56632,120.34626,geocode_road,高雄市小港區小港路,"高雄市立空中大學, 436, 大業北路, 三苓里, 小港區, 大人宮, 高雄市, 812008, 臺灣"
E5600896,台灣電力股份有限公司大林發電廠,高雄市,高雄市小港區大林路3號,22.52134,120.34802,geocode_road,高雄市小港區大林路,"高雄市立鳳林國民中學, 559, 龍鳳路, 鳳興里, 小港區, 大林蒲, 高雄市, 812, 臺灣"
E5601080,漢泰鋼鐵廠股份有限公司,高雄市,高雄市小港區世全路4號,22.54811,120.37199,geocode_road,高雄市小港區世全路,"世全路, 山明里, 小港區, 二橋, 高雄市, 812, 臺灣"
E5601197,唐榮鐵工廠股份有限公司,高雄市,高雄市小港區山明里沿海二路4號,22.55167,120.36460,geocode_road,高雄市小港區沿海二路,"沿海二路, 山明里, 小港區, 二橋, 高雄市, 812, 臺灣"
E5601437,中鋼碳素化學股份有限公司,高雄市,高雄市小港區鳳森里中林路42、42-1號,22.58280,120.35034,geocode_road,高雄市小港區中林路,"高雄市小港區桂林國民小學, 390, 桂陽路, 中大厝, 桂林里, 小港區, 高雄市, 81252, 臺灣"
E5601697,中聯資源股份有限公司,高雄市,高雄市小港區山明里朝興路2號,22.56539,120.33798,geocode_area,高雄市小港區,"小港區, 小港, 高雄市, 812, 臺灣"
E5602934,中聯資源股份有限公司臨海廠,高雄市,高雄市小港區山明里沿海三路友成巷2號,22.52306,120.36633,geocode_road,高雄市小港區沿海三路,"沿海三路, 鳳鳴里, 小港區, 鳳鼻頭, 高雄市, 812, 臺灣"
E5602952,海光企業股份有限公司嘉興鋼鐵廠,高雄市,高雄市小港區嘉興街５號,22.56040,120.36122,geocode_road,高雄市小港區嘉興街,"嘉興街, 店鎮里, 小港區, 大人宮, 高雄市, 812, 臺灣"
E5603655,李長榮科技股份有限公司銅箔廠,高雄市,高雄市小港區中林路3-1號,22.58280,120.35034,geocode_road,高雄市小港區中林路,"高雄市小港區桂林國民小學, 390, 桂陽路, 中大厝, 桂林里, 小港區, 高雄市, 81252, 臺灣"
E56A2617,尚承鋼鐵股份有限公司,高雄市,高雄市小港區大業南路七號,22.53581,120.37007,geocode_road,高雄市小港區大業南路,"大業南路, 高雄臨海產業園區, 山明里, 小港區, 二橋, 高雄市, 812, 臺灣"
E56A4792,中國鋼鐵股份有限公司第三冷軋廠,高雄市,高雄市小港區店鎮里嘉興街２號,22.56040,120.36122,geocode_road,高雄市小港區嘉興街,"嘉興街, 店鎮里, 小港區, 大人宮, 高雄市, 812, 臺灣"
E56A7340,東和鋼鐵企業股份有限公司大業廠,高雄市,高雄市小港區大業南路54號,22.53581,120.37007,geocode_road,高雄市小港區大業南路,"大業南路, 高雄臨海產業園區, 山明里, 小港區, 二橋, 高雄市, 812, 臺灣"
E56B1498,環球橡膠股份有限公司小港廠,高雄市,高雄市小港區中林路16、18、20號,22.58280,120.35034,geocode_road,高雄市小港區中林路,"高雄市小港區桂林國民小學, 390, 桂陽路, 中大厝, 桂林里, 小港區, 高雄市, 81252, 臺灣"
F0401403,德州儀器工業股份有限公司,新北市,新北市中和區興南路一段142號,24.99073,121.51111,geocode_road,新北市中和區興南路一段,"興南路一段, 興南里, 中和區, 潭漧, 新北市, 235060, 臺灣"
F0701702,南亞塑膠工業股份有限公司樹林廠,新北市,新北市樹林區味王街55號,24.97529,121.40371,geocode_road,新北市樹林區味王街,"味王街, 東山里, 樹林區, 山佳, 新北市, 23850, 臺灣"
F07B5260,南亞電路板股份有限公司樹林一廠,新北市,新北市樹林區東山里味王街57號,24.97529,121.40371,geocode_road,新北市樹林區味王街,"味王街, 東山里, 樹林區, 山佳, 新北市, 23850, 臺灣"
F1304789,燿華電子股份有限公司土城二廠,新北市,新北市土城區沛陂里中山路四巷三號,24.96714,121.42904,geocode_road,新北市土城區中山路,"中山路, 土城產業園區, 沛陂里, 土城區, 頂埔, 新北市, 236037, 臺灣"
F1600491,南亞塑膠工業股份有限公司林口二廠,新北市,新北市泰山區大科里南林路102號（含南林路100號及89、91、93號(之1至之4)及南泰路3號）,25.04379,121.41217,geocode_road,新北市泰山區南林路,"南林路, 大科里, 泰山區, 貴子坑, 新北市, 24302, 臺灣"
F1606662,南亞科技股份有限公司三廠,新北市,新北市泰山區大科里南林路98號、98之1號2樓、3樓、4樓、5樓、6樓、7樓、98-1號2樓等及101號及115號,25.04379,121.41217,geocode_road,新北市泰山區南林路,"南林路, 大科里, 泰山區, 貴子坑, 新北市, 24302, 臺灣"
F1700736,台灣電力股份有限公司林口發電廠,新北市,新北市林口區下福里139之1號,25.07753,121.39160,geocode_area,新北市林口區,"林口區, 新北市, 臺灣"
G3200778,台灣水泥股份有限公司蘇澳廠,宜蘭縣,宜蘭縣蘇澳鎮永昌路46號,24.59440,121.85241,geocode_road,宜蘭縣蘇澳鎮永昌路,"蘇澳分隊, 80, 蘇港路, 永光里, 蘇澳鎮, 宜蘭縣, 270, 臺灣"
G3200849,信大水泥股份有限公司南聖湖廠,宜蘭縣,宜蘭縣蘇澳鎮中山路二段235號,24.61490,121.81391,geocode_road,宜蘭縣蘇澳鎮中山路二段,"中山路二段, 武荖坑, 新城里, 蘇澳鎮, 宜蘭縣, 26948, 臺灣"
G32A0540,羅東鋼鐵廠股份有限公司煉鋼廠,宜蘭縣,宜蘭縣蘇澳鎮龍德里德興一路57號、冬山鄉大興村德興一路59號、五結鄉成興村五濱路1段223號,24.62480,121.82119,geocode_road,宜蘭縣蘇澳鎮德興一路,"德興一路, 龍德產業園區, 育英, 龍德里, 蘇澳鎮, 宜蘭縣, 26948, 臺灣"
G32A0609,燿華電子股份有限公司宜蘭廠,宜蘭縣,宜蘭縣蘇澳鎮頂寮里頂平路36、36-1、36-2、36-3號,24.63774,121.83701,geocode_road,宜蘭縣蘇澳鎮頂平路,"頂平路, 利澤產業園區, 猴猴, 頂寮里, 蘇澳鎮, 宜蘭縣, 26841, 臺灣"
G3700791,臺灣化學纖維股份有限公司龍德廠,宜蘭縣,宜蘭縣冬山鄉大興村龍祥十路2號，蘇澳鎮龍德里龍祥八路2 6 號，蘇澳鎮龍德里德興一路5號,24.62784,121.81294,geocode_road,宜蘭縣冬山鄉龍祥十路,"龍祥十路, 龍德產業園區, 大興, 大興村, 冬山鄉, 宜蘭縣, 269, 臺灣"
G3700880,台灣塑膠工業股份有限公司冬山廠,宜蘭縣,宜蘭縣冬山鄉東城村東福路201號,24.62053,121.80931,geocode_road,宜蘭縣冬山鄉東福路,"東福路, 內城, 東城村, 冬山鄉, 宜蘭縣, 269, 臺灣"
G37A0585,潤泰精密材料股份有限公司宜蘭冬山廠,宜蘭縣,宜蘭縣冬山鄉安平村大安路357、357-1、357-2、357-3號,24.62232,121.78022,geocode_road,宜蘭縣冬山鄉大安路,"大安路, 安平坑, 安平村, 冬山鄉, 宜蘭縣, 269, 臺灣"
G4100017,幸福水泥股份有限公司東澳廠,宜蘭縣,宜蘭縣南澳鄉東岳村蘇花路三段101號,24.46674,121.80520,geocode_area,宜蘭縣南澳鄉,"南澳鄉, 宜蘭縣, 272, 臺灣"
H4302318,六和機械股份有限公司,桃園市,桃園市中壢區新生路二段334號,24.99633,121.21945,geocode_road,桃園市中壢區新生路二段,"新生路二段, 下興南, 興和里, 中壢區, 桃園市, 32056, 臺灣"
H4303235,國瑞汽車股份有限公司中壢工廠,桃園市,桃園市中壢區內定里定寧路73號、73-1號,24.99294,121.24355,geocode_road,桃園市中壢區定寧路,"定寧路, 中壢產業園區, 黃枝仔溪, 內定里, 中壢區, 桃園市, 32068, 臺灣"
H4304929,金像電子股份有限公司中壢廠,桃園市,桃園市中壢區永福里西園路113號及113之1號,24.98598,121.23780,geocode_road,桃園市中壢區西園路,"西園路, 賴厝, 永福里, 中壢區, 桃園市, 32068, 臺灣"
H43A0700,日月光半導體製造股份有限公司中壢分公司封測五廠,桃園市,桃園市中壢區復華里中華路1段550之5號地下層、6樓、7樓、8樓、9樓、10樓、11樓， 桃園市中壢區復華里中華路1段556號9、10、11樓,24.96200,121.24269,geocode_road,桃園市中壢區中華路,"桃園鐵路地下化中原車站興建工程, 普義, 忠義里, 中壢區, 桃園市, 臺灣"
H43B3840,日月光半導體製造股份有限公司中壢分公司封測六廠,桃園市,桃園市中壢區復華里中華路1段550-5號（3、4、5樓）、中華路1段556號4樓（登記使用4樓）、中華路1段556號6樓（登記使用6樓）,24.96200,121.24269,geocode_road,桃園市中壢區中華路,"桃園鐵路地下化中原車站興建工程, 普義, 忠義里, 中壢區, 桃園市, 臺灣"
H43C1277,日月光半導體製造股份有限公司中壢分公司封測七廠,桃園市,桃園市中壢區復華里中華路一段568號（登記使用地下2層、1、3、4、5、6、7、8、10樓）、中華路一段572號(登記使用地下2層、4樓),24.96535,121.22493,geocode_area,桃園市中壢區,"中壢區, 桃園市, 臺灣"
H43C1811,日月光半導體製造股份有限公司中壢分公司封測八廠,桃園市,桃園市中壢區復華里中華路一段568號（登記使用9樓）、中華路一段572號（登記使用1、3、6、7、8、9、10、11樓）,24.96535,121.22493,geocode_area,桃園市中壢區,"中壢區, 桃園市, 臺灣"
H4406937,新科光電材料股份有限公司桃園廠,桃園市,桃園市大溪區新光東路76巷80號、76巷82號,24.91749,121.28960,geocode_road,桃園市大溪區新光東路,"新光東路, 新光園區, 仁善里, 大溪區, 桃園市, 33543, 臺灣"
H4500458,力鵬企業股份有限公司楊梅廠,桃園市,桃園市楊梅區新榮路339號、339-2號,24.95547,121.15679,geocode_road,桃園市楊梅區新榮路,"新榮路, 高榮, 新榮里, 楊梅區, 桃園市, 32050, 臺灣"
H4500743,中興紡織廠股份有限公司楊梅化纖廠,桃園市,桃園市楊梅區中山南路567號,24.90332,121.12658,geocode_road,桃園市楊梅區中山南路,"中山南路, 水流東, 東流里, 楊梅區, 桃園市, 326020, 臺灣"
H4500850,白馬窯業股份有限公司楊梅廠,桃園市,桃園市楊梅區電研路5號、8之1號,24.95225,121.16635,geocode_road,桃園市楊梅區電研路,"電研路, 六股, 高榮里, 楊梅區, 桃園市, 326017, 臺灣"
H4502201,建榮工業材料股份有限公司楊梅廠,桃園市,桃園市楊梅區民豐路277號,24.92890,121.10935,geocode_road,桃園市楊梅區民豐路,"民豐路, 葉厝, 瑞原里, 楊梅區, 桃園市, 32647, 臺灣"
H45A1887,永豐餘消費品實業股份有限公司楊梅廠,桃園市,桃園市楊梅區高榮里3鄰梅高路二段668巷70號,24.93872,121.14499,geocode_road,桃園市楊梅區梅高路二段,"梅高路二段, 顯伯公, 高上里, 楊梅區, 桃園市, 32647, 臺灣"
H45C2819,景碩科技股份有限公司幼獅廠,桃園市,桃園市楊梅區高獅路580&566-1號,24.92593,121.15786,geocode_road,桃園市楊梅區高獅路,"高獅路, 土牛坑, 高上里, 楊梅區, 桃園市, 326, 臺灣"
H4601129,華通電腦股份有限公司一廠,桃園市,桃園市蘆竹區新莊里大新路814巷91號,25.02492,121.25458,geocode_road,桃園市蘆竹區大新路,"大新路, 大竹里, 蘆竹區, 桃園市, 338, 臺灣"
H4601227,義芳化學工業股份有限公司桃園廠,桃園市,桃園市蘆竹區海湖里海湖東路377號,25.10508,121.27114,geocode_road,桃園市蘆竹區海湖東路,"海湖東路, 坑子口, 海湖里, 蘆竹區, 桃園市, 338, 臺灣"
H4601272,華通電腦股份有限公司三廠,桃園市,桃園市蘆竹區新莊里大新路938巷110號,25.02492,121.25458,geocode_road,桃園市蘆竹區大新路,"大新路, 大竹里, 蘆竹區, 桃園市, 338, 臺灣"
H4601398,南亞塑膠工業股份有限公司錦興廠,桃園市,桃園市蘆竹區長興里南崁路一段334、336號,25.05105,121.28944,geocode_road,桃園市蘆竹區南崁路一段,"南崁路一段, 南崁, 錦中里, 蘆竹區, 桃園市, 338, 臺灣"
H4602199,義美食品股份有限公司南崁廠,桃園市,桃園市蘆竹區南工路一段11號,25.05968,121.27879,geocode_road,桃園市蘆竹區南工路一段,"南工路一段, 長興里, 蘆竹區, 桃園市, 338, 臺灣"
H4602313,環泰企業股份有限公司南崁廠,桃園市,桃園市蘆竹區南青路1156巷75號,25.04766,121.25145,geocode_road,桃園市蘆竹區南青路,"南青路, 林投厝, 宏竹里, 蘆竹區, 桃園市, 338, 臺灣"
H4603972,三義化學工業(股)公司桃園海湖廠,桃園市,桃園市蘆竹區濱海里海山中街85號,25.11208,121.26939,geocode_road,桃園市蘆竹區海山中街,"海山中街, 崎頭, 海湖里, 蘆竹區, 桃園市, 338, 臺灣"
H4605074,南亞電路板股份有限公司錦興廠,桃園市,桃園市蘆竹區長興里南崁路一段334、336、338號,25.05105,121.28944,geocode_road,桃園市蘆竹區南崁路一段,"南崁路一段, 南崁, 錦中里, 蘆竹區, 桃園市, 338, 臺灣"
H4606848,台耀化學股份有限公司蘆竹廠,桃園市,桃園市蘆竹區坑口里和平街36、36-1號、油管路二段398號,25.09130,121.27719,geocode_road,桃園市蘆竹區和平街,"和平街, 後壁厝, 坑口里, 蘆竹區, 桃園市, 338, 臺灣"
H46B0495,世界先進積體電路股份有限公司晶圓三廠,桃園市,桃園市蘆竹區長榮路168號,25.05498,121.28593,geocode_road,桃園市蘆竹區長榮路,"長榮路, 長興里, 蘆竹區, 桃園市, 338, 臺灣"
H4700645,正隆股份有限公司大園廠,桃園市,桃園市大園區北港里大工路116號,25.07109,121.17789,geocode_road,桃園市大園區大工路,"大工路, 大園工業區, 牛牯寮, 北港里, 大園區, 桃園市, 337012, 臺灣"
H4701017,國聯矽業化學股份有限公司,桃園市,桃園市大園區民權路12號,25.06389,121.19528,geocode_area,桃園市大園區,"大園區, 桃園市, 臺灣"
H4701071,科德寶遠東股份有限公司,桃園市,桃園市大園區溪海里崙頂38號,25.06389,121.19528,geocode_area,桃園市大園區,"大園區, 桃園市, 臺灣"
H4702336,大園汽電共生股份有限公司,桃園市,桃園市大園區潮音北路276號,25.07670,121.18154,geocode_road,桃園市大園區潮音北路,"潮音北路, 大園產業園區, 下厝, 內海里, 大園區, 桃園市, 337012, 臺灣"
H4703600,華通電腦股份有限公司大園廠,桃園市,桃園市大園區內海里中山北路二七五號,25.07190,121.19113,geocode_road,桃園市大園區中山北路,"中山北路, 大園產業園區, 大庄仔, 內海里, 大園區, 桃園市, 337017, 臺灣"
H47A6144,集盛實業股份有限公司大園廠,桃園市,桃園市大園區北港里大工路17號,25.07109,121.17789,geocode_road,桃園市大園區大工路,"大工路, 大園工業區, 牛牯寮, 北港里, 大園區, 桃園市, 337012, 臺灣"
H4801478,南亞塑膠工業股份有限公司工三廠,桃園市,桃園市龜山區樂善里文明路6號,25.05232,121.38142,geocode_road,桃園市龜山區文明路,"文明路, 菜公堂, 樂善里, 龜山區, 桃園市, 333, 臺灣"
H4801709,宏洲纖維工業股份有限公司桃園工廠,桃園市,桃園市龜山區宏洲街29號,25.00944,121.34473,geocode_road,桃園市龜山區宏洲街,"宏洲街, 楓樹坑, 楓樹里, 龜山區, 桃園市, 333, 臺灣"
H4803507,台灣中油股份有限公司煉製事業部桃園煉油廠,桃園市,桃園市龜山區南上里民生北路一段50號,25.03274,121.30294,geocode_road,桃園市龜山區民生北路一段,"民生北路一段, 圳頭下, 南上里, 龜山區, 桃園市, 333, 臺灣"
H4806348,穩懋半導體股份有限公司華亞廠,桃園市,桃園市龜山區科技七路69號,25.04251,121.37533,geocode_road,桃園市龜山區科技七路,"科技七路, 華亞科技園區, 山尾, 文化里, 龜山區, 桃園市, 333, 臺灣"
H4810851,華亞汽電股份有限公司華亞汽電廠,桃園市,桃園市龜山區華亞一路98號,25.04460,121.37205,geocode_road,桃園市龜山區華亞一路,"華亞一路, 華亞科技園區, 山尾, 文化里, 龜山區, 桃園市, 333, 臺灣"
H4886999,穩懋半導體股份有限公司華亞二廠,桃園市,桃園市龜山區華亞二路358號與科技七路35號及35號2樓、3樓、4樓,25.05087,121.37865,geocode_road,桃園市龜山區華亞二路,"華亞二路, 華亞科技園區, 後厝, 文化里, 龜山區, 桃園市, 333, 臺灣"
H4888493,友達光電股份有限公司桃園分公司華亞廠,桃園市,桃園市龜山區華亞二路189號,25.05087,121.37865,geocode_road,桃園市龜山區華亞二路,"華亞二路, 華亞科技園區, 後厝, 文化里, 龜山區, 桃園市, 333, 臺灣"
H4888582,台灣美光晶圓科技股份有限公司二廠,桃園市,桃園市龜山區文化里華亞五路2、6號,25.03461,121.37743,geocode_road,桃園市龜山區華亞五路,"華亞五路, 華亞科技園區, 山尾, 文化里, 龜山區, 桃園市, 333, 臺灣"
H4889454,台灣美光晶圓科技股份有限公司一廠,桃園市,桃園市龜山區文化里復興三路667、669號及科技八路5號,25.05206,121.37373,geocode_road,桃園市龜山區復興三路,"坪頂分隊, 80, 復興三路, 華亞科技園區, 山尾, 文化里, 龜山區, 桃園市, 333, 臺灣"
H4895112,廣達電腦股份有限公司總廠,桃園市,桃園市龜山區文化里文化二路188號1樓、2樓、3樓、4樓、5樓及地下層,25.06313,121.36392,geocode_road,桃園市龜山區文化二路,"文化二路, 公西, 公西里, 龜山區, 桃園市, 333, 臺灣"
H48A3353,晶碩光學股份有限公司,桃園市,桃園市龜山區山頂里興業街五號,24.98756,121.32791,geocode_road,桃園市龜山區興業街,"興業街, 龜山產業園區, 山頂里, 龜山區, 桃園市, 333, 臺灣"
H48B0554,穩懋半導體股份有限公司龜山廠,桃園市,桃園市龜山區山鶯路200-5號、建國東路38號,24.98675,121.32645,geocode_road,桃園市龜山區山鶯路,"山鶯路, 龜山產業園區, 山頂里, 龜山區, 桃園市, 333, 臺灣"
H49A2429,凌巨科技股份有限公司八德廠,桃園市,桃園市八德區大湳里和平路一一二七號,24.95824,121.31837,geocode_road,桃園市八德區和平路,"和平路, 湖仔, 大湳里, 八德區, 桃園市, 33444, 臺灣"
H5002362,友達光電股份有限公司桃園分公司,桃園市,桃園市龍潭區新和路1號,24.84738,121.18855,geocode_road,桃園市龍潭區新和路,"新和路, 渴望工業區, 澢滴水, 渴望里, 龍潭區, 桃園市, 325021, 臺灣"
H5008211,友達光電股份有限公司龍科廠,桃園市,桃園市龍潭區龍科街228號,24.87754,121.18687,geocode_road,桃園市龍潭區龍科街,"龍科街, 大崎, 八德里, 龍潭區, 桃園市, 32543, 臺灣"
H50A1985,合晶科技股份有限公司龍潭廠,桃園市,桃園市龍潭區龍園一路100號,24.88396,121.18762,geocode_road,桃園市龍潭區龍園一路,"龍園一路, 竹科龍潭園區, 大坑尾, 八德里, 龍潭區, 桃園市, 32560, 臺灣"
H50A6430,台灣積體電路製造股份有限公司先進封測三廠,桃園市,桃園市龍潭區龍園六路101號,24.88431,121.18624,geocode_road,桃園市龍潭區龍園六路,"龍園六路, 竹科龍潭園區, 大坑尾, 八德里, 龍潭區, 桃園市, 32658, 臺灣"
H5100952,新光合成纖維股份有限公司中壢廠,桃園市,桃園市平鎮區延平路三段223號,24.93048,121.19618,geocode_road,桃園市平鎮區延平路三段,"延平路三段, 坑後, 宋屋里, 平鎮區, 桃園市, 32443, 臺灣"
H5200215,永豐餘工業用紙股份有限公司新屋廠,桃園市,桃園市新屋區永安里永福路281號、281-1號、306號,24.98590,121.03078,geocode_road,桃園市新屋區永福路,"永福路, 永安產業園區, 歐厝, 永安里, 新屋區, 桃園市, 327004, 臺灣"
H5200617,聯成鋼鐵股份有限公司桃園廠,桃園市,桃園市新屋區中華路996號,24.98974,121.10208,geocode_road,桃園市新屋區中華路,"中華路, 石磊, 石磊里, 新屋區, 桃園市, 327008, 臺灣"
H5204133,景碩科技股份有限公司,桃園市,桃園市新屋區石磊里中華路1245、1245-1號,24.98974,121.10208,geocode_road,桃園市新屋區中華路,"中華路, 石磊, 石磊里, 新屋區, 桃園市, 327008, 臺灣"
H5205514,景碩科技股份有限公司清華一廠,桃園市,桃園市新屋區清華里中華路810號之1號,24.98974,121.10208,geocode_road,桃園市新屋區中華路,"中華路, 石磊, 石磊里, 新屋區, 桃園市, 327008, 臺灣"
H5300210,遠東新世紀股份有限公司觀音化學纖維廠,桃園市,桃園市觀音區樹林里經建六路3號及工業七路2-1號,25.06417,121.11992,geocode_road,桃園市觀音區經建六路,"經建六路, 觀音產業園區, 海湖底, 樹林里, 觀音區, 桃園市, 32844, 臺灣"
H5300425,錦美紙業股份有限公司觀音廠,桃園市,桃園市觀音區榮工北路10、12號,25.05862,121.12941,geocode_road,桃園市觀音區榮工北路,"榮工北路, 觀音產業園區, 大湖, 草漯里, 觀音區, 桃園市, 32844, 臺灣"
H5300916,台灣玻璃工業股份有限公司桃園廠,桃園市,桃園市觀音區經建五路一號,25.06129,121.11822,geocode_road,桃園市觀音區經建五路,"經建五路, 觀音產業園區, 海湖底, 樹林里, 觀音區, 桃園市, 32844, 臺灣"
H5302063,日皓造紙工業股份有限公司觀音廠,桃園市,桃園市觀音區觀音工業區國建三路5號,25.05842,121.10683,geocode_road,桃園市觀音區觀音工業區國建三路,"國建三路, 觀音產業園區, 樹林子, 樹林里, 觀音區, 桃園市, 328454, 臺灣"
H5302143,遠東先進纖維股份有限公司,桃園市,桃園市觀音區工業五路17 號,25.05828,121.11481,geocode_road,桃園市觀音區工業五路,"工業五路, 觀音產業園區, 樹林仔, 樹林里, 觀音區, 桃園市, 328454, 臺灣"
H5303524,新光合成纖維股份有限公司觀音廠,桃園市,桃園市觀音區國建三路9號,25.05842,121.10683,geocode_road,桃園市觀音區國建三路,"國建三路, 觀音產業園區, 樹林子, 樹林里, 觀音區, 桃園市, 328454, 臺灣"
H5304165,集盛實業股份有限公司第三廠,桃園市,桃園市觀音區成功路一段506號,25.05487,121.12323,geocode_road,桃園市觀音區成功路一段,"成功路一段, 觀音產業園區, 樹林仔, 樹林里, 觀音區, 桃園市, 328453, 臺灣"
H5307693,集盛實業股份有限公司觀音廠,桃園市,桃園市觀音區成功路一段522號,25.05487,121.12323,geocode_road,桃園市觀音區成功路一段,"成功路一段, 觀音產業園區, 樹林仔, 樹林里, 觀音區, 桃園市, 328453, 臺灣"
H5307960,台灣電力股份有限公司大潭發電廠,桃園市,桃園市觀音區大潭里6鄰電廠路1號,25.03040,121.05253,geocode_road,桃園市觀音區電廠路,"電廠路, 大潭濱海特定工業區, 新村, 大潭里, 觀音區, 桃園市, 328003, 臺灣"
H5387833,三福氣體股份有限公司觀音二廠,桃園市,桃園市觀音區工業一路16-1號,25.06578,121.12847,geocode_road,桃園市觀音區工業一路,"工業一路, 觀音產業園區, 海湖底, 樹林里, 觀音區, 桃園市, 32844, 臺灣"
H53A0675,東和鋼鐵企業股份有限公司桃園廠,桃園市,桃園市觀音區保障里8鄰草漯116號,25.03638,121.08226,geocode_area,桃園市觀音區,"觀音區, 桃園市, 臺灣"
H53A3580,亞東石化股份有限公司觀音二廠,桃園市,桃園市觀音區樹林里工業七路2號,25.05146,121.10743,geocode_road,桃園市觀音區工業七路,"工業七路, 觀音產業園區, 樹林子, 樹林里, 觀音區, 桃園市, 328454, 臺灣"
H53B7163,三福氣體股份有限公司 觀音三廠,桃園市,桃園市觀音區工業二路2號,25.06557,121.12644,geocode_road,桃園市觀音區工業二路,"工業二路, 觀音產業園區, 海湖底, 樹林里, 觀音區, 桃園市, 32844, 臺灣"
J5500366,正隆股份有限公司竹北廠,新竹縣,新竹縣竹北市長青路二段300號、300-2、200、76號,24.85679,120.96182,geocode_road,新竹縣竹北市長青路二段,"長青路二段, 崁頂, 崇義里, 竹北市, 新竹縣, 304110, 臺灣"
J5500491,台燿科技股份有限公司,新竹縣,新竹縣竹北市泰合里博愛街803號,24.84401,121.01714,geocode_road,新竹縣竹北市博愛街,"博愛街, 竹北市竹仁生活圈, 泰和, 泰和里, 竹北市, 新竹縣, 302001, 臺灣"
J5501121,南茂科技股份有限公司(竹北廠),新竹縣,新竹縣竹北市新泰路37號,24.84146,121.00640,geocode_road,新竹縣竹北市新泰路,"新泰路, 番子坡, 泰和里, 竹北市, 新竹縣, 30284, 臺灣"
J5700222,遠東新世紀股份有限公司化學纖維總廠,新竹縣,新竹縣新埔鎮文山里文山路亞東段369、600號,24.82643,121.05247,geocode_road,新竹縣新埔鎮文山路,"文山路亞東段, 土地公埔, 文山里, 新埔鎮, 新竹縣, 305, 臺灣"
J5700231,大享容器工業股份有限公司,新竹縣,新竹縣新埔鎮文山里文山路犂頭山段1118號,24.82643,121.05247,geocode_road,新竹縣新埔鎮文山路,"文山路亞東段, 土地公埔, 文山里, 新埔鎮, 新竹縣, 305, 臺灣"
J5901658,長春人造樹脂廠股份有限公司新竹廠,新竹縣,新竹縣湖口鄉鳳山村中華路8號,24.87619,121.01102,geocode_road,新竹縣湖口鄉中華路,"中華路, 新竹產業園區, 鳳凰村, 湖口鄉, 新竹縣, 303, 臺灣"
J5901747,三陽工業股份有限公司新竹廠,新竹縣,新竹縣湖口鄉中華路3號,24.87619,121.01102,geocode_road,新竹縣湖口鄉中華路,"中華路, 新竹產業園區, 鳳凰村, 湖口鄉, 新竹縣, 303, 臺灣"
J5901854,台灣普利司通股份有限公司新竹工廠,新竹縣,新竹縣湖口鄉文化路1-1號,24.87365,121.01991,geocode_road,新竹縣湖口鄉文化路,"文化路, 鳳凰村, 湖口鄉, 新竹縣, 303, 臺灣"
J5909547,力成科技股份有限公司湖口廠,新竹縣,新竹縣湖口鄉鳳山村三民路7、7-1號,24.90060,121.04684,geocode_area,新竹縣湖口鄉,"湖口鄉, 新竹縣, 303, 臺灣"
J59A0579,力成科技股份有限公司大同廠,新竹縣,新竹縣湖口鄉鳳山村大同路26號,24.87189,121.00285,geocode_road,新竹縣湖口鄉大同路,"大同路, 新竹產業園區, 鳳山村, 湖口鄉, 新竹縣, 303, 臺灣"
J59A1389,矽格股份有限公司湖口廠,新竹縣,新竹縣湖口鄉四維路1號、四維路1-1號,24.90060,121.04684,geocode_area,新竹縣湖口鄉,"湖口鄉, 新竹縣, 303, 臺灣"
J59A7436,力成科技股份有限公司3C廠,新竹縣,新竹縣湖口鄉鳳山村大同路10號,24.87189,121.00285,geocode_road,新竹縣湖口鄉大同路,"大同路, 新竹產業園區, 鳳山村, 湖口鄉, 新竹縣, 303, 臺灣"
J59B0259,南茂科技股份有限公司湖口一廠,新竹縣,新竹縣湖口鄉仁德路4號,24.86974,121.01136,geocode_road,新竹縣湖口鄉仁德路,"仁德路, 新竹產業園區, 鳳山村, 湖口鄉, 新竹縣, 303, 臺灣"
J59B1009,力成科技股份有限公司文化一廠,新竹縣,新竹縣湖口鄉鳳山村文化路四號、四號二、三、四、五樓,24.87365,121.01991,geocode_road,新竹縣湖口鄉文化路,"文化路, 鳳凰村, 湖口鄉, 新竹縣, 303, 臺灣"
J59B1316,力成科技股份有限公司新興廠,新竹縣,新竹縣湖口鄉鳳山村新興路458-28號,24.90060,121.04684,geocode_area,新竹縣湖口鄉,"湖口鄉, 新竹縣, 303, 臺灣"
J59C1244,欣興電子股份有限公司光復一廠,新竹縣,新竹縣湖口鄉中興村光復北路75號,24.87536,121.03702,geocode_road,新竹縣湖口鄉光復北路,"光復北路, 新竹產業園區, 中番子湖, 湖南村, 湖口鄉, 新竹縣, 303, 臺灣"
J61A1452,欣興電子股份有限公司新豐一廠,新竹縣,新竹縣新豐鄉中崙村289、290及290-5號,24.89382,121.00749,geocode_address,新竹縣新豐鄉中崙村289,"中崙村, 新豐鄉, 新竹縣, 臺灣"
J61A3270,景碩科技股份有限公司新豐一廠,新竹縣,新竹縣新豐鄉重興村建興路二段526號,24.90086,120.98691,geocode_road,新竹縣新豐鄉建興路二段,"建興路二段, 新庄子, 重興村, 新豐鄉, 新竹縣, 304108, 臺灣"
J61A3280,景碩科技股份有限公司新豐二廠,新竹縣,新竹縣新豐鄉重興村建興路二段468巷12號,24.90086,120.98691,geocode_road,新竹縣新豐鄉建興路二段,"建興路二段, 新庄子, 重興村, 新豐鄉, 新竹縣, 304108, 臺灣"
J6300299,漢磊科技股份有限公司研發廠,新竹縣,新竹縣寶山鄉創新一路18號,24.77707,120.99636,geocode_road,新竹縣寶山鄉創新一路,"創新一路, 新竹科學園區, 葫蘆肚, 雙溪村, 寶山鄉, 新竹縣, 30076, 臺灣"
J6300324,台灣積體電路製造股份有限公司三廠3E廠,新竹縣,新竹縣寶山鄉研新二路6號,24.77832,120.99143,geocode_road,新竹縣寶山鄉研新二路,"研新二路, 新竹科學園區, 雙溪村, 寶山鄉, 新竹縣, 30077, 臺灣"
J6300539,聯亞科技股份有限公司一廠,新竹縣,新竹縣寶山鄉研新一路12號,24.77527,120.98972,geocode_road,新竹縣寶山鄉研新一路,"研新一路, 新竹科學園區, 雙溪, 雙溪村, 寶山鄉, 新竹縣, 30077, 臺灣"
J6300557,台灣積體電路製造股份有限公司二廠,新竹縣,新竹縣寶山鄉園區三路121號,24.76545,120.99098,geocode_area,新竹縣寶山鄉,"寶山鄉, 新竹縣, 臺灣"
J6300860,南茂科技股份有限公司竹科一廠,新竹縣,新竹縣寶山鄉研發一路1號,24.77519,121.00211,geocode_road,新竹縣寶山鄉研發一路,"研發一路, 新竹科學園區, 葫蘆肚, 雙溪村, 寶山鄉, 新竹縣, 300096, 臺灣"
J6300959,世界先進積體電路股份有限公司晶圓一廠,新竹縣,新竹縣寶山鄉園區三路123號,24.76545,120.99098,geocode_area,新竹縣寶山鄉,"寶山鄉, 新竹縣, 臺灣"
J6301090,環球晶圓股份有限公司中德廠,新竹縣,新竹縣寶山鄉研新一路2號,24.77527,120.98972,geocode_road,新竹縣寶山鄉研新一路,"研新一路, 新竹科學園區, 雙溪, 雙溪村, 寶山鄉, 新竹縣, 30077, 臺灣"
J6301107,台灣積體電路製造股份有限公司三廠,新竹縣,新竹縣寶山鄉研新一路9號,24.77527,120.98972,geocode_road,新竹縣寶山鄉研新一路,"研新一路, 新竹科學園區, 雙溪, 雙溪村, 寶山鄉, 新竹縣, 30077, 臺灣"
J6301447,台灣積體電路製造股份有限公司五廠,新竹縣,新竹縣寶山鄉園區三路121號,24.76545,120.99098,geocode_area,新竹縣寶山鄉,"寶山鄉, 新竹縣, 臺灣"
J63A0048,聯華電子股份有限公司Fab8S廠,新竹縣,新竹縣寶山鄉研新一路16號,24.77527,120.98972,geocode_road,新竹縣寶山鄉研新一路,"研新一路, 新竹科學園區, 雙溪, 雙溪村, 寶山鄉, 新竹縣, 30077, 臺灣"
J63A0107,台灣積體電路製造股份有限公司十二廠研新廠,新竹縣,新竹縣寶山鄉研新二路6號,24.77832,120.99143,geocode_road,新竹縣寶山鄉研新二路,"研新二路, 新竹科學園區, 雙溪村, 寶山鄉, 新竹縣, 30077, 臺灣"
J63A1056,台灣積體電路製造股份有限公司十二廠四期/五期,新竹縣,新竹縣寶山鄉園區二路168號,24.76545,120.99098,geocode_area,新竹縣寶山鄉,"寶山鄉, 新竹縣, 臺灣"
J63A1422,矽品精密工業股份有限公司新竹分公司三廠,新竹縣,新竹縣寶山鄉新竹科學園區研發二路1-1號,24.77548,121.00028,geocode_road,新竹縣寶山鄉新竹科學園區研發二路,"研發二路, 新竹科學園區, 葫蘆肚, 雙溪村, 寶山鄉, 新竹縣, 300096, 臺灣"
J63A1591,台灣積體電路製造股份有限公司十二廠六期,新竹縣,新竹縣寶山鄉園區二路166號,24.76545,120.99098,geocode_area,新竹縣寶山鄉,"寶山鄉, 新竹縣, 臺灣"
J63A1670,台灣積體電路製造股份有限公司十二廠七期,新竹縣,新竹縣寶山鄉園區二路188號,24.76545,120.99098,geocode_area,新竹縣寶山鄉,"寶山鄉, 新竹縣, 臺灣"
J63A1719,聯穎光電股份有限公司竹科廠,新竹縣,新竹縣寶山鄉新竹科學園區創新一路10號,24.77707,120.99636,geocode_road,新竹縣寶山鄉新竹科學園區創新一路,"創新一路, 新竹科學園區, 葫蘆肚, 雙溪村, 寶山鄉, 新竹縣, 30076, 臺灣"
J63A3567,台灣積體電路製造股份有限公司十二廠八期,新竹縣,新竹縣寶山鄉科環路168號,24.77129,121.00886,geocode_road,新竹縣寶山鄉科環路,"科環路, 新竹科學園區, 大崎頭, 大崎村, 寶山鄉, 新竹縣, 300096, 臺灣"
J63A4298,台灣積體電路製造股份有限公司二十廠一期,新竹縣,新竹縣寶山鄉科環路1號,24.77129,121.00886,geocode_road,新竹縣寶山鄉科環路,"科環路, 新竹科學園區, 大崎頭, 大崎村, 寶山鄉, 新竹縣, 300096, 臺灣"
K6801089,長春石油化學股份有限公司 苗栗廠,苗栗縣,苗栗縣苗栗市福安里福星246、246-3號,24.56148,120.81923,geocode_area,苗栗縣苗栗市,"苗栗市, 苗栗縣, 臺灣"
K6801123,長春石油化學股份有限公司苗栗二廠,苗栗縣,苗栗縣苗栗市文聖里21鄰文山245號,24.56148,120.81923,geocode_area,苗栗縣苗栗市,"苗栗市, 苗栗縣, 臺灣"
K7000513,建順煉鋼股份有限公司,苗栗縣,苗栗縣通霄鎮五北里68之4號,24.49097,120.68407,geocode_area,苗栗縣通霄鎮,"通霄鎮, 苗栗縣, 臺灣"
K7000764,台灣電力股份有限公司通霄發電廠,苗栗縣,苗栗縣通霄鎮海濱路1-31號,24.49040,120.67791,geocode_road,苗栗縣通霄鎮海濱路,"海濱路, 內海, 通西里, 通霄鎮, 苗栗縣, 357006, 臺灣"
K7103046,超豐電子股份有限公司公義廠,苗栗縣,苗栗縣竹南鎮佳興里二鄰公義路一一二號、二鄰公義路一三六號、二鄰公義路一五八號、一鄰公義路一七八巷十號,24.68374,120.87343,geocode_area,苗栗縣竹南鎮,"竹南鎮, 苗栗縣, 350, 臺灣"
K7104025,群創光電股份有限公司T1廠,苗栗縣,苗栗縣竹南鎮頂埔里科學路160號,24.71376,120.91816,geocode_road,苗栗縣竹南鎮科學路,"科學路, 竹科竹南園區, 頂埔, 頂埔里, 竹南鎮, 苗栗縣, 350, 臺灣"
K71A1370,群創光電股份有限公司T2廠,苗栗縣,苗栗縣竹南鎮科學路168號,24.71376,120.91816,geocode_road,苗栗縣竹南鎮科學路,"科學路, 竹科竹南園區, 頂埔, 頂埔里, 竹南鎮, 苗栗縣, 350, 臺灣"
K71A1805,達輝光電股份有限公司,苗栗縣,苗栗縣竹南鎮科北二路3號,24.70906,120.91633,geocode_road,苗栗縣竹南鎮科北二路,"科北二路, 竹科竹南園區, 赤崎下, 頂埔里, 竹南鎮, 苗栗縣, 350, 臺灣"
K71A2695,群創光電股份有限公司T3廠,苗栗縣,苗栗縣竹南鎮科中路12號,24.71038,120.91451,geocode_road,苗栗縣竹南鎮科中路,"科中路, 竹科竹南園區, 赤崎下, 頂埔里, 竹南鎮, 苗栗縣, 350, 臺灣"
K71A8772,力晶積成電子製造股份有限公司8B,苗栗縣,苗栗縣竹南鎮新竹科學園區科北二路6號,24.68374,120.87343,geocode_area,苗栗縣竹南鎮,"竹南鎮, 苗栗縣, 350, 臺灣"
K71B0795,台灣積體電路製造股份有限公司先進封測六廠,苗栗縣,苗栗縣竹南鎮科專一路一號,24.71265,120.90835,geocode_road,苗栗縣竹南鎮科專一路,"科專一路, 大埔重劃區, 山上, 大埔里, 竹南鎮, 苗栗縣, 350, 臺灣"
K71B2355,台灣積體電路製造股份有限公司先進封測六B廠,苗栗縣,苗栗縣竹南鎮科專七路一號,24.70551,120.90064,geocode_road,苗栗縣竹南鎮科專七路,"科專七路, 大埔重劃區, 山下, 大埔里, 竹南鎮, 苗栗縣, 350, 臺灣"
K7200933,華夏海灣塑膠股份有限公司頭份總廠,苗栗縣,苗栗縣頭份市田寮里民族路571號,24.68511,120.90031,geocode_road,苗栗縣頭份市民族路,"民族路, 民權里, 頭份市, 苗栗縣, 351, 臺灣"
K7201001,中國石油化學工業開發股份有限公司頭份廠,苗栗縣,苗栗縣頭份市蘆竹里16鄰中華路517號,24.68572,120.90730,geocode_road,苗栗縣頭份市中華路,"中華路, 信義里, 頭份市, 苗栗縣, 351029, 臺灣"
K77A0619,京元電子股份有限公司銅鑼分公司廠,苗栗縣,苗栗縣銅鑼鄉九湖村銅科北路8號,24.46005,120.75930,geocode_road,苗栗縣銅鑼鄉銅科北路,"銅科北路, 隆興崎, 九湖村, 銅鑼鄉, 苗栗縣, 366, 臺灣"
K77A1855,力晶積成電子製造股份有限公司P5,苗栗縣,苗栗縣銅鑼鄉銅科七路8號,24.46278,120.75419,geocode_road,苗栗縣銅鑼鄉銅科七路,"銅科七路, 銅鑼科學園區, 黃草崗, 九湖村, 銅鑼鄉, 苗栗縣, 366, 臺灣"
K8000366,立安東化工股份有限公司三義廠,苗栗縣,苗栗縣三義鄉鯉魚潭村鯉魚口99號,24.41306,120.77040,geocode_area,苗栗縣三義鄉,"三義鄉, 苗栗縣, 臺灣"
K8100129,東和鋼鐵企業股份有限公司苗栗廠,苗栗縣,苗栗縣西湖鄉二湖村坪頂22號,24.55681,120.75708,geocode_area,苗栗縣西湖鄉,"西湖鄉, 苗栗縣, 臺灣"
K8201149,冠軍建材股份有限公司第二廠,苗栗縣,苗栗縣造橋鄉豐湖村1鄰乳姑山2號,24.63835,120.86495,geocode_area,苗栗縣造橋鄉,"造橋鄉, 苗栗縣, 臺灣"
L0200473,台灣電力股份有限公司台中發電廠,臺中市,臺中市龍井區龍昌路1號,24.21580,120.49304,geocode_road,臺中市龍井區龍昌路,"龍昌路, 麗水里, 龍井區, 臺中市, 43401, 臺灣"
L0200633,中龍鋼鐵股份有限公司,臺中市,臺中市龍井區麗水里龍昌路100號，中南一路一段7、9號,24.21580,120.49304,geocode_road,臺中市龍井區龍昌路,"龍昌路, 麗水里, 龍井區, 臺中市, 43401, 臺灣"
L02A0301,中聯資源股份有限公司台中廠,臺中市,臺中市龍井區麗水里南堤路２號,24.19268,120.54584,geocode_area,臺中市龍井區,"龍井區, 臺中市, 臺灣"
L8801052,廣源造紙股份有限公司台中廠,臺中市,"臺中市大甲區工一路1,2號及工五路5,7號,工三路15號",24.40960,120.64545,geocode_road,臺中市大甲區工一路,"工一路, 大甲幼獅產業園區, 日南里, 大甲區, 西岐, 臺中市, 43770, 臺灣"
L8900676,永豐餘消費品實業股份有限公司清水廠,臺中市,臺中市清水區海風里舊庄路258號,24.29456,120.62945,geocode_road,臺中市清水區舊庄路,"清水區第八公墓 (和睦路), 海風里, 清水區, 臺中市, 臺灣"
L9000666,味丹企業股份有限公司沙鹿第一工廠,臺中市,臺中市沙鹿區興安路63號,24.22935,120.55087,geocode_road,臺中市沙鹿區興安路,"興安路, 興安里, 沙鹿區, 大莊, 臺中市, 43345, 臺灣"
L9100198,台灣玻璃工業股份有限公司台中廠,臺中市,臺中市梧棲區自強路377號,24.23562,120.52624,geocode_road,臺中市梧棲區自強路,"自強路, 草湳里, 梧棲區, 大莊, 臺中市, 43546, 臺灣"
L9101748,中美和石油化學股份有限公司台中廠,臺中市,臺中市梧棲區南堤路二段89號,24.25325,120.49009,geocode_road,臺中市梧棲區南堤路二段,"南堤路二段, 梧棲區, 臺中市, 43445, 臺灣"
L91A0867,台灣中油股份有限公司天然氣事業部台中液化天然氣廠,臺中市,臺中市梧棲區草湳里南堤路二段88號,24.25325,120.49009,geocode_road,臺中市梧棲區南堤路二段,"南堤路二段, 梧棲區, 臺中市, 43445, 臺灣"
L91A2566,藍海氣體工業股份有限公司台中廠,臺中市,臺中市梧棲區南堤路二段88-1號,24.25325,120.49009,geocode_road,臺中市梧棲區南堤路二段,"南堤路二段, 梧棲區, 臺中市, 43445, 臺灣"
L91A3247,台灣肥料股份有限公司台中廠,臺中市,臺中市梧棲區南堤路二段100號,24.25325,120.49009,geocode_road,臺中市梧棲區南堤路二段,"南堤路二段, 梧棲區, 臺中市, 43445, 臺灣"
L9200693,正隆股份有限公司后里分公司,臺中市,臺中市后里區三豐路三段2號、星科路101號,24.30491,120.71071,geocode_area,臺中市后里區,"后里區, 臺中市, 臺灣"
L9200728,豐興鋼鐵股份有限公司,臺中市,臺中市后里區甲后路一段998號、1000號、1002號,24.30945,120.73133,geocode_road,臺中市后里區甲后路一段,"甲后路一段, 義里里, 后里區, 臺中市, 321, 臺灣"
L9202099,台灣美光記憶體股份有限公司台中一廠,臺中市,臺中市后里區三豐路四段369號、九甲路500號,24.30491,120.71071,geocode_area,臺中市后里區,"后里區, 臺中市, 臺灣"
L9202231,三福氣體股份有限公司中科分公司中科二廠,臺中市,臺中市后里區后里里三豐路4段369號,24.30491,120.71071,geocode_area,臺中市后里區,"后里區, 臺中市, 臺灣"
L92A0931,友達光電股份有限公司后里廠,臺中市,臺中市后里區馬場路一號,24.29852,120.73381,geocode_road,臺中市后里區馬場路,"馬場路, 廣福里, 后里區, 臺中市, 42147, 臺灣"
L92A0991,三福氣體股份有限公司中科分公司中科三廠,臺中市,臺中市后里區馬場路一號,24.29852,120.73381,geocode_road,臺中市后里區馬場路,"馬場路, 廣福里, 后里區, 臺中市, 42147, 臺灣"
L9401476,矽品精密工業股份有限公司大豐廠,臺中市,臺中市潭子區大豐里大豐路3段123、125號、 大豐里崇德路5段468號,24.21611,120.69162,geocode_road,臺中市潭子區大豐路,"大豐雅潭路口, 雅潭路二段, 東寶里, 潭子區, 臺中市, 42756, 臺灣"
L9402188,矽品精密工業股份有限公司中山廠,臺中市,臺中市潭子區中山路三段153號,24.22517,120.70749,geocode_road,臺中市潭子區中山路三段,"中山路三段, 栗林里, 潭子區, 臺中市, 42754, 臺灣"
L9506056,華邦電子股份有限公司中科廠,臺中市,臺中市大雅區科雅一路8號,24.21097,120.61871,geocode_road,臺中市大雅區科雅一路,"科雅一路, 中部科學園區台中園區, 橫山里, 大雅區, 臺中市, 428728, 臺灣"
L9506663,聯亞科技股份有限公司中科工廠,臺中市,臺中市大雅區科雅一路8號,24.21097,120.61871,geocode_road,臺中市大雅區科雅一路,"科雅一路, 中部科學園區台中園區, 橫山里, 大雅區, 臺中市, 428728, 臺灣"
L95A2041,台灣積體電路製造股份有限公司15廠,臺中市,臺中市大雅區科雅六路1號,24.21381,120.61844,geocode_road,臺中市大雅區科雅六路,"科雅六路, 中部科學園區台中園區, 橫山里, 大雅區, 臺中市, 428728, 臺灣"
M3302762,台灣卜蜂企業股份有限公司南投肉品加工廠,南投縣,南投縣南投市工業東路17號,23.93043,120.66101,geocode_road,南投縣南投市工業東路,"工業東路, 南崗產業園區, 永豐里, 南投市, 南投縣, 54067, 臺灣"
N0803765,台灣玻璃工業股份有限公司鹿港廠,彰化縣,彰化縣鹿港鎮鹿工路11號,24.07719,120.39439,geocode_road,彰化縣鹿港鎮鹿工路,"鹿工路, 彰濱鹿港產業園區, 東石里, 鹿港鎮, 彰化縣, 50562, 臺灣"
N08A1098,台灣玻璃工業股份有限公司鹿港平板廠,彰化縣,彰化縣鹿港鎮鹿工路11號,24.07719,120.39439,geocode_road,彰化縣鹿港鎮鹿工路,"鹿工路, 彰濱鹿港產業園區, 東石里, 鹿港鎮, 彰化縣, 50562, 臺灣"
N0911075,矽品精密工業股份有限公司彰化廠,彰化縣,彰化縣和美鎮新庄里金馬路二段440巷8號、彰新路2段8號、10號、18號,24.10812,120.49447,geocode_area,彰化縣和美鎮,"和美鎮, 彰化縣, 臺灣"
N1400562,榮成紙業股份有限公司,彰化縣,彰化縣二林鎮廣興里廣興巷1-1號,23.89963,120.37440,geocode_area,彰化縣二林鎮,"二林鎮, 彰化縣, 臺灣"
N14A1507,榮成紙業股份有限公司蒸汽廠,彰化縣,彰化縣二林鎮廣興里廣興巷1-1號,23.89963,120.37440,geocode_area,彰化縣二林鎮,"二林鎮, 彰化縣, 臺灣"
N15A2520,長春石油化學股份有限公司彰濱廠,彰化縣,彰化縣線西鄉彰濱西三路5號、彰濱西二路12號,24.14443,120.43140,geocode_road,彰化縣線西鄉彰濱西三路,"彰濱西三路, 寓埔村, 線西鄉, 彰化縣, 507, 臺灣"
N15A4833,長春石油化學股份有限公司彰濱二廠,彰化縣,彰化縣線西鄉彰濱西二路6號,24.14013,120.42774,geocode_road,彰化縣線西鄉彰濱西二路,"彰濱西二路, 寓埔村, 線西鄉, 彰化縣, 507, 臺灣"
N1601229,慶欣欣鋼鐵股份有限公司,彰化縣,彰化縣伸港鄉溪底村工西二路2號,24.16956,120.50631,geocode_road,彰化縣伸港鄉工西二路,"工西二路, 全興產業園區, 溪底村, 伸港鄉, 彰化縣, 509004, 臺灣"
N1607141,台灣鋼聯股份有限公司,彰化縣,彰化縣伸港鄉蚵寮村彰濱工業區線工北一路28、36號,24.15283,120.44951,geocode_road,彰化縣伸港鄉彰濱工業區線工北一路,"線工北一路, 彰濱產業園區線西區, 蚵寮村, 伸港鄉, 彰化縣, 507, 臺灣"
N16A1755,長春人造樹脂廠股份有限公司彰濱廠,彰化縣,彰化縣伸港鄉線工北三路31號,24.15363,120.44623,geocode_road,彰化縣伸港鄉線工北三路,"線工北三路, 彰濱產業園區線西區, 蚵寮村, 伸港鄉, 彰化縣, 507, 臺灣"
N2100552,正新橡膠工業股份有限公司,彰化縣,彰化縣大村鄉黃厝村美港路215號,23.98464,120.58767,geocode_road,彰化縣大村鄉美港路,"美港路, 黃厝, 黃厝村, 大村鄉, 彰化縣, 510010, 臺灣"
N2901755,力麗企業股份有限公司彰化一廠,彰化縣,彰化縣芳苑鄉後寮村工區七路16號,23.92402,120.32032,geocode_area,彰化縣芳苑鄉,"芳苑鄉, 彰化縣, 臺灣"
N2902234,力麗企業股份有限公司彰化化纖總廠,彰化縣,彰化縣芳苑鄉芳苑工業區工業路38號,23.92060,120.35421,geocode_road,彰化縣芳苑鄉芳苑工業區工業路,"工業路, 芳苑產業園區, 埤北, 三合村, 芳苑鄉, 彰化縣, 526019, 臺灣"
N2904318,力鵬企業股份有限公司彰化尼龍總廠,彰化縣,彰化縣芳苑鄉後寮村工業路33號,23.92060,120.35421,geocode_road,彰化縣芳苑鄉工業路,"工業路, 芳苑產業園區, 埤北, 三合村, 芳苑鄉, 彰化縣, 526019, 臺灣"
N2907551,東隆興業股份有限公司彰化芳苑廠,彰化縣,彰化縣芳苑鄉後寮村工區三路4、8、11、21號、工業路8號、工區路11號,23.92402,120.32032,geocode_area,彰化縣芳苑鄉,"芳苑鄉, 彰化縣, 臺灣"
N3200337,正新橡膠工業股份有限公司溪州廠,彰化縣,彰化縣溪州鄉溪厝村中山路2段602號,23.84954,120.48486,geocode_road,彰化縣溪州鄉中山路,"中山高速公路, 溪墘厝, 溪厝村, 溪州鄉, 彰化縣, 524006, 臺灣"
O1700798,元隆電子股份有限公司,新竹市,新竹市東區研發二路16、18、20號,24.78055,121.00112,geocode_road,新竹市東區研發二路,"研發二路, 新竹科學園區, 埔尾, 東區, 新竹市, 30078, 臺灣"
O1702523,正隆股份有限公司新竹廠,新竹市,新竹市香山區香山區牛埔路308號,24.79716,120.94193,geocode_road,新竹市香山區香山區牛埔路,"埔前市民活動中心, 牛埔路, 三姓橋, 埔前里, 香山區, 新竹市, 300060, 臺灣"
O1703315,華夏玻璃股份有限公司,新竹市,新竹市香山區埔前路49號,24.79506,120.93606,geocode_road,新竹市香山區埔前路,"埔前路, 三塊厝, 埔前里, 香山區, 新竹市, 300060, 臺灣"
O1703351,台灣玻璃工業股份有限公司新竹廠,新竹市,新竹市香山區牛埔里中華路四段470號,24.79667,120.95402,geocode_road,新竹市香山區中華路四段,"中華路四段, 埔羌圍, 頂埔里, 香山區, 新竹市, 300078, 臺灣"
O1704812,台灣茂矽電子股份有限公司,新竹市,新竹市東區研新一路1號,24.80473,120.97363,geocode_area,新竹市東區,"東區, 新竹市, 臺灣"
O1706209,聯華電子股份有限公司Fab8A廠,新竹市,新竹市東區力行二路3、5號,24.77552,121.01907,geocode_road,新竹市東區力行二路,"力行二路, 新竹科學園區, 金山里, 東區, 新竹市, 30082, 臺灣"
O1706307,旺宏電子股份有限公司晶圓二廠,新竹市,新竹市東區力行路一六號,24.77583,121.02220,geocode_road,新竹市東區力行路,"力行路, 新竹科學園區, 金山里, 東區, 新竹市, 30082, 臺灣"
O1706692,聯華電子股份有限公司Fab8E廠,新竹市,新竹市東區力行路17號,24.77583,121.02220,geocode_road,新竹市東區力行路,"力行路, 新竹科學園區, 金山里, 東區, 新竹市, 30082, 臺灣"
O1707162,矽格聯測股份有限公司,新竹市,"新竹市東區新竹科學園區科園里力行三路2號，力行路2-1號2,4,5,7樓，力行路2-2號",24.77502,121.02260,geocode_road,新竹市東區力行三路,"力行三路, 新竹科學園區, 金山里, 東區, 新竹市, 30082, 臺灣"
O1707395,友達光電股份有限公司L5廠,新竹市,新竹市東區科園里力行路23號,24.77583,121.02220,geocode_road,新竹市東區力行路,"力行路, 新竹科學園區, 金山里, 東區, 新竹市, 30082, 臺灣"
O1708632,聯華電子股份有限公司Fab8F廠,新竹市,新竹市東區新竹科學工業園區力行六路3號,24.80473,120.97363,geocode_area,新竹市東區,"東區, 新竹市, 臺灣"
O1709148,聯華電子股份有限公司Fab8D廠,新竹市,新竹市東區力行三路6、8號,24.77502,121.02260,geocode_road,新竹市東區力行三路,"力行三路, 新竹科學園區, 金山里, 東區, 新竹市, 30082, 臺灣"
O1709308,台灣積體電路製造股份有限公司十二廠,新竹市,新竹市東區力行六路8號,24.77461,121.01625,geocode_road,新竹市東區力行六路,"力行六路, 新竹科學園區, 關東橋, 平頂埔, 東區, 新竹市, 30082, 臺灣"
O1713311,台灣積體電路製造股份有限公司八廠,新竹市,新竹市東區力行路25號,24.77583,121.02220,geocode_road,新竹市東區力行路,"力行路, 新竹科學園區, 金山里, 東區, 新竹市, 30082, 臺灣"
O1746614,聯亞科技股份有限公司三廠,新竹市,新竹市東區力行四路3號,24.76209,121.02385,geocode_road,新竹市東區力行四路,"力行四路, 新竹科學園區, 風空, 鹿仔坑, 東區, 新竹市, 30082, 臺灣"
O1747924,頎邦科技股份有限公司展業廠,新竹市,新竹市東區科園里展業一路10、10-1號,24.78613,121.00230,geocode_road,新竹市東區展業一路,"展業一路, 新竹科學園區, 赤土崎, 東區, 新竹市, 30078, 臺灣"
O1749526,采鈺科技股份有限公司,新竹市,新竹市東區篤行一路12號,24.77266,121.02367,geocode_road,新竹市東區篤行一路,"篤行一路, 新竹科學園區, 風空, 金山面, 東區, 新竹市, 30082, 臺灣"
O1751197,世界先進積體電路股份有限公司晶圓二廠,新竹市,新竹市東區力行路9號,24.77583,121.02220,geocode_road,新竹市東區力行路,"力行路, 新竹科學園區, 金山里, 東區, 新竹市, 30082, 臺灣"
O1753306,力晶積成電子製造股份有限公司8A,新竹市,新竹市東區力行一路18號及12號4樓,24.76997,121.01800,geocode_road,新竹市東區力行一路,"力行一路, 新竹科學園區, 風空, 平頂埔, 東區, 新竹市, 30082, 臺灣"
O17A0968,新唐科技股份有限公司,新竹市,新竹市東區新竹科學園區研新三路4號,24.77968,120.99030,geocode_road,新竹市東區新竹科學園區研新三路,"研新三路, 新竹科學園區, 埔尾, 東區, 新竹市, 30048, 臺灣"
O17A6887,旺宏電子股份有限公司晶圓五廠,新竹市,新竹市東區新竹科學園區新竹市力行路19號,24.77882,121.00697,geocode_road,新竹市東區新竹科學園區新竹市力行路,"園區一路, 新竹科學園區, 關東橋, 平頂埔, 東區, 新竹市, 300091, 臺灣"
O17M3896,力晶積成電子製造股份有限公司P3,新竹市,新竹市東區力行路16-1號,24.77583,121.02220,geocode_road,新竹市東區力行路,"力行路, 新竹科學園區, 金山里, 東區, 新竹市, 30082, 臺灣"
O17M3925,力晶積成電子製造股份有限公司P1/2,新竹市,新竹市東區力行一路12號,24.76997,121.01800,geocode_road,新竹市東區力行一路,"力行一路, 新竹科學園區, 風空, 平頂埔, 東區, 新竹市, 30082, 臺灣"
O17N5463,世界先進積體電路股份有限公司晶圓五廠,新竹市,新竹市東區新竹科學園區力行二路1-1號,24.77552,121.01907,geocode_road,新竹市東區新竹科學園區力行二路,"力行二路, 新竹科學園區, 金山里, 東區, 新竹市, 30082, 臺灣"
O17N6560,鴻揚半導體股份有限公司,新竹市,新竹市東區研新三路3號,24.77802,120.98875,geocode_road,新竹市東區研新三路,"研新三路, 新竹科學園區, 東區, 新竹市, 新竹縣, 30077, 臺灣"
O17N8209,美商達爾國際有限公司新竹分公司,新竹市,新竹市東區工業東七路7號,24.77512,121.01045,geocode_road,新竹市東區工業東七路,"工業東七路, 新竹科學園區, 關東橋, 平頂埔, 東區, 新竹市, 300091, 臺灣"
P4600987,福懋興業股份有限公司,雲林縣,雲林縣斗六市榴中里石榴路317號,23.72560,120.58681,geocode_road,雲林縣斗六市石榴路,"石榴路, 石榴, 榴中里, 斗六市, 雲林縣, 640153, 臺灣"
P4602196,福懋科技股份有限公司,雲林縣,雲林縣斗六市榴中里河南街329號,23.71649,120.57346,geocode_road,雲林縣斗六市河南街,"河南街, 石榴班, 榴中里, 斗六市, 雲林縣, 640153, 臺灣"
P4602552,金居開發股份有限公司斗六一廠,雲林縣,雲林縣斗六市科工八路56號,23.71921,120.50799,geocode_road,雲林縣斗六市科工八路,"科工八路, 雲林科技產業園區(大北勢區), 甲六埤, 虎溪里, 斗六市, 雲林縣, 640012, 臺灣"
P4602758,富喬工業股份有限公司,雲林縣,雲林縣斗六市斗工十六路8號,23.70999,120.59687,geocode_road,雲林縣斗六市斗工十六路,"斗工十六路, 斗六產業園區, 井子埔, 榴南里, 斗六市, 雲林縣, 640153, 臺灣"
P4606327,艾杰旭顯示玻璃股份有限公司斗六一廠,雲林縣,雲林縣斗六市虎溪里科工七路８號，科工八路37號，科工八路66號,23.71674,120.50522,geocode_road,雲林縣斗六市科工七路,"科工七路, 雲林科技產業園區(大北勢區), 甲六埤, 虎溪里, 斗六市, 雲林縣, 640012, 臺灣"
P4606818,金居開發股份有限公司斗六二廠,雲林縣,雲林縣斗六市科工八路56號(用電地址:斗六市雲科路三段53號),23.71921,120.50799,geocode_road,雲林縣斗六市科工八路,"科工八路, 雲林科技產業園區(大北勢區), 甲六埤, 虎溪里, 斗六市, 雲林縣, 640012, 臺灣"
P4607940,上銀科技股份有限公司雲科廠,雲林縣,雲林縣斗六市虎溪里雲科路3段128號,23.69302,120.53284,geocode_road,雲林縣斗六市雲科路,"雲林科技大學(龍潭路), 龍潭路, 大潭, 龍潭里, 斗六市, 雲林縣, 64002, 臺灣"
P46A0069,巧新科技工業股份有限公司二廠,雲林縣,雲林縣斗六市虎溪里雲科路三段39、41號,23.72439,120.51257,geocode_road,雲林縣斗六市雲科路三段,"雲科路三段, 雲林科技產業園區(大北勢區), 甲六埤, 虎溪里, 斗六市, 雲林縣, 640012, 臺灣"
P46A0693,艾杰旭顯示玻璃股份有限公司斗六二廠,雲林縣,雲林縣斗六市虎溪里科工八路8號,23.71921,120.50799,geocode_road,雲林縣斗六市科工八路,"科工八路, 雲林科技產業園區(大北勢區), 甲六埤, 虎溪里, 斗六市, 雲林縣, 640012, 臺灣"
P46B5125,中國石油化學工業開發股份有限公司斗六廠,雲林縣,雲林縣斗六市斗工十路156號,23.71412,120.59314,geocode_road,雲林縣斗六市斗工十路,"斗工十路, 斗六產業園區, 井子埔, 榴南里, 斗六市, 雲林縣, 640153, 臺灣"
P4801322,台榮產業股份有限公司雲林廠,雲林縣,雲林縣虎尾鎮惠來里惠來112號,23.70818,120.44534,geocode_area,雲林縣虎尾鎮,"虎尾鎮, 雲林縣, 臺灣"
P48A0851,富喬工業股份有限公司雲林分公司,雲林縣,雲林縣虎尾鎮科虎二路8號,23.73617,120.40114,geocode_road,雲林縣虎尾鎮科虎二路,"科虎二路, 中科虎尾園區, 竹圍, 墾地里, 虎尾鎮, 雲林縣, 632206, 臺灣"
P5400070,建大工業股份有限公司雲林廠,雲林縣,雲林縣莿桐鄉莿桐村延平路50、60號,23.75943,120.49670,geocode_road,雲林縣莿桐鄉延平路,"延平路, 安南, 莿桐村, 莿桐鄉, 雲林縣, 647008, 臺灣"
P5500191,合眾紙業股份有限公司林內廠,雲林縣,雲林縣林內鄉林中村瑞農65號,23.75591,120.61304,geocode_area,雲林縣林內鄉,"林內鄉, 雲林縣, 臺灣"
P5801513,南亞塑膠工業股份有限公司麥寮總廠,雲林縣,雲林縣麥寮鄉中興村台塑工業園區二號,23.78580,120.19050,manual,,台塑六輕麥寮工業園區（園區代表座標，同 data/energy/plant_coords.csv）
P5801602,台灣塑膠工業股份有限公司麥寮廠,雲林縣,雲林縣麥寮鄉台塑工業園區1號,23.78580,120.19050,manual,,台塑六輕麥寮工業園區（園區代表座標，同 data/energy/plant_coords.csv）
P5801719,麥寮汽電股份有限公司,雲林縣,雲林縣麥寮鄉中興村台塑工業園區1號之1,23.78580,120.19050,manual,,台塑六輕麥寮工業園區（園區代表座標，同 data/energy/plant_coords.csv）
P5801728,台塑石化股份有限公司麥寮二廠,雲林縣,雲林縣麥寮鄉中興村台塑工業園區8、8-5號,23.78580,120.19050,manual,,台塑六輕麥寮工業園區（園區代表座標，同 data/energy/plant_coords.csv）
P5801773,台灣化學纖維股份有限公司麥寮廠,雲林縣,雲林縣麥寮鄉中興村台塑工業園區5號及3之1號,23.78580,120.19050,manual,,台塑六輕麥寮工業園區（園區代表座標，同 data/energy/plant_coords.csv）
P5801871,台塑勝高科技股份有限公司麥寮矽晶圓廠,雲林縣,雲林縣麥寮鄉中興村台塑工業園區10號,23.78580,120.19050,manual,,台塑六輕麥寮工業園區（園區代表座標，同 data/energy/plant_coords.csv）
P5802001,台灣塑膠工業股份有限公司麥寮碳纖廠,雲林縣,雲林縣麥寮鄉台塑工業園區13號,23.78580,120.19050,manual,,台塑六輕麥寮工業園區（園區代表座標，同 data/energy/plant_coords.csv）
P5802092,台灣化學纖維股份有限公司海豐廠,雲林縣,雲林縣麥寮鄉中興村台塑工業園區23號,23.78580,120.19050,manual,,台塑六輕麥寮工業園區（園區代表座標，同 data/energy/plant_coords.csv）
P5802378,台塑旭彈性纖維股份有限公司麥寮廠,雲林縣,雲林縣麥寮鄉中興村台塑工業園區12號,23.78580,120.19050,manual,,台塑六輕麥寮工業園區（園區代表座標，同 data/energy/plant_coords.csv）
P5802387,大連化學工業股份有限公司麥寮廠,雲林縣,雲林縣麥寮鄉台塑工業園區25號,23.78580,120.19050,manual,,台塑六輕麥寮工業園區（園區代表座標，同 data/energy/plant_coords.csv）
P5802421,台塑石化股份有限公司麥寮一廠,雲林縣,雲林縣麥寮鄉中興村台塑工業園區7、15號,23.78580,120.19050,manual,,台塑六輕麥寮工業園區（園區代表座標，同 data/energy/plant_coords.csv）
P5802430,台塑石化股份有限公司麥寮三廠,雲林縣,雲林縣麥寮鄉中興村台塑工業園區17、39號,23.78580,120.19050,manual,,台塑六輕麥寮工業園區（園區代表座標，同 data/energy/plant_coords.csv）
P5805244,南亞塑膠工業股份有限公司海豐總廠,雲林縣,雲林縣麥寮鄉中興村台塑工業園區42號、47號、52號,23.78580,120.19050,manual,,台塑六輕麥寮工業園區（園區代表座標，同 data/energy/plant_coords.csv）
P5805753,長春石油化學股份有限公司麥寮廠,雲林縣,雲林縣麥寮鄉中興村台塑工業園區26號,23.78580,120.19050,manual,,台塑六輕麥寮工業園區（園區代表座標，同 data/energy/plant_coords.csv）
P5805780,台灣醋酸化學股份有限公司醋酸廠,雲林縣,雲林縣麥寮鄉中興村台塑工業園區5號及5-5號,23.78580,120.19050,manual,,台塑六輕麥寮工業園區（園區代表座標，同 data/energy/plant_coords.csv）
P5806349,台灣塑膠工業股份有限公司海豐廠,雲林縣,雲林縣麥寮鄉中興村台塑工業園區 23之1號、32號、33號,23.78580,120.19050,manual,,台塑六輕麥寮工業園區（園區代表座標，同 data/energy/plant_coords.csv）
P58A1635,台塑科騰化學有限公司,雲林縣,雲林縣麥寮鄉中興村台塑工業園區１７號,23.78580,120.19050,manual,,台塑六輕麥寮工業園區（園區代表座標，同 data/energy/plant_coords.csv）
P58A5558,台塑勝高科技股份有限公司麥寮矽晶圓二廠,雲林縣,雲林縣麥寮鄉中興村台塑工業園區10號,23.78580,120.19050,manual,,台塑六輕麥寮工業園區（園區代表座標，同 data/energy/plant_coords.csv）
Q6901613,福隆玻璃纖維股份有限公司,嘉義縣,嘉義縣民雄鄉北斗村中華路89號,23.52855,120.45475,geocode_road,嘉義縣民雄鄉中華路,"中華路, 民雄產業園區, 福樂村, 民雄鄉, 嘉義縣, 621, 臺灣"
Q7100245,台灣必成股份有限公司新港廠,嘉義縣,嘉義縣新港鄉中洋村中洋工業區2之1號,23.55181,120.34765,geocode_area,嘉義縣新港鄉,"新港鄉, 嘉義縣, 616, 臺灣"
Q7100254,台灣化學纖維股份有限公司新港廠,嘉義縣,嘉義縣新港鄉中洋村中洋工業區1號,23.55181,120.34765,geocode_area,嘉義縣新港鄉,"新港鄉, 嘉義縣, 616, 臺灣"
Q7100272,南亞塑膠工業股份有限公司新港廠,嘉義縣,嘉義縣新港鄉中洋工業區2號,23.55181,120.34765,geocode_area,嘉義縣新港鄉,"新港鄉, 嘉義縣, 616, 臺灣"
Q7100754,台灣塑膠工業股份有限公司新港廠,嘉義縣,嘉義縣新港鄉中洋村中洋工業區3號,23.55181,120.34765,geocode_area,嘉義縣新港鄉,"新港鄉, 嘉義縣, 616, 臺灣"
Q7600375,南亞塑膠工業股份有限公司嘉義廠,嘉義縣,嘉義縣太保市南新里北港路二段 201 號,23.49727,120.37740,geocode_address,嘉義縣太保市南新里北港路二段 201 號,"201號, 北港路二段, 南新, 南新里, 太保市, 嘉義縣, 612, 臺灣"
R0300606,得力實業股份有限公司,臺南市,臺南市新市區三舍里復興路820號,23.08282,120.29536,geocode_road,臺南市新市復興路,"復興路, 新市里, 新市區, 臺南市, 744, 臺灣"
R0301514,南茂科技股份有限公司台南廠,臺南市,臺南市新市區南部科學園區南科七路五號,23.11009,120.27462,geocode_road,臺南市新市區南部科學園區南科七路,"南科七路, 南科台南園區, 豐華里, 新市區, 臺南市, 744, 臺灣"
R0301603,宏捷科技股份有限公司南科大利廠,臺南市,臺南市新市區大利一路6號,23.10859,120.27944,geocode_road,臺南市新市區大利一路,"大利一路, 南科台南園區, 豐華里, 新市區, 臺南市, 744, 臺灣"
R0304131,聯華電子股份有限公司Fab12A廠,臺南市,臺南市新市區南科二路18、20號,23.09505,120.27900,geocode_road,臺南市新市區南科二路,"南科二路, 南科台南園區, 大道公, 豐華里, 新市區, 臺南市, 744, 臺灣"
R0304944,艾杰旭顯示玻璃股份有限公司台南廠,臺南市,臺南市新市區豐華里風鈴路1號,23.09685,120.25795,geocode_road,臺南市新市風鈴路,"風鈴路, 南科台南園區, 豐華里, 新市區, 臺南市, 744, 臺灣"
R0305156,瀚宇彩晶南科TFT-LCD三廠,臺南市,臺南市新市區豐華里南科二路35號,23.09516,120.27892,geocode_road,臺南市新市南科二路,"南科二路, 南科台南園區, 大道公, 豐華里, 新市區, 臺南市, 744, 臺灣"
R03A0450,群創光電股份有限公司樹谷分公司,臺南市,臺南市新市區豐華里紫楝路21號、堤塘港路9號,23.06822,120.28972,geocode_area,臺南市新市,"新市, 1, 中華路, 新和里, 新市區, 臺南市, 744, 臺灣"
R03A0658,富采光電股份有限公司S1廠,臺南市,臺南市新市區大順九路10、16號,23.10695,120.28771,geocode_road,臺南市新市區大順九路,"大順九路, 南科台南園區, 三舍里, 新市區, 臺南市, 744, 臺灣"
R03A1894,群創光電股份有限公司B廠,臺南市,臺南市新市區豐華里環西路2段2號(A室、B室除外),23.05873,120.28079,geocode_road,臺南市新市環西路,"臺南都會區北外環道路, 永就里, 新市區, 臺南市, 744, 臺灣"
R03A1903,群創光電股份有限公司A廠,臺南市,臺南市新市區南部科學園區豐華里奇業路1號(不包含A室),23.08872,120.28139,geocode_road,臺南市新市奇業路,"奇業路, 南科台南園區, 社內里, 新市區, 臺南市, 744, 臺灣"
R03A1913,群創光電股份有限公司D廠,臺南市,臺南市新市區南部科學園區豐華里環西路1段3號 (不包含A室、B室、C室、D室),23.05873,120.28079,geocode_road,臺南市新市環西路,"臺南都會區北外環道路, 永就里, 新市區, 臺南市, 744, 臺灣"
R0500240,宏遠興業股份有限公司,臺南市,臺南市山上區明和里256號,23.10439,120.35185,geocode_area,臺南市山上區,"山上區, 臺南市, 743, 臺灣"
R0503072,森霸電力股份有限公司,臺南市,臺南市山上區豐德里隙子口66號,23.10439,120.35185,geocode_area,臺南市山上區,"山上區, 臺南市, 743, 臺灣"
R1001791,臺南紡織股份有限公司太子廠,臺南市,臺南市仁德區中正路三段419號,22.98486,120.25851,geocode_road,臺南市仁德區中正路三段,"中正路三段, 土庫, 土庫里, 仁德區, 臺南市, 717, 臺灣"
R1002065,奇美實業股份有限公司,臺南市,臺南市仁德區中正路一段398號A棟,22.93960,120.24854,geocode_road,臺南市仁德區中正路一段,"中正路一段, 蔦松腳, 上崙里, 仁德區, 臺南市, 717, 臺灣"
R1002547,豐年豐和企業股份有限公司上崙一廠,臺南市,臺南市仁德區上崙里崑崙路201號,22.93157,120.24881,geocode_road,臺南市仁德區崑崙路,"崑崙路, 凹仔, 文賢里, 仁德區, 臺南市, 717, 臺灣"
R10A3047,奇美實業股份有限公司旭美廠,臺南市,臺南市仁德區保安里開發四路三六號,22.92252,120.24821,geocode_road,臺南市仁德區開發四路,"開發四路, 保安工業區, 保安里, 仁德區, 臺南市, 717, 臺灣"
R1412418,統一實業股份有限公司二廠,臺南市,臺南市永康區和平路77號,23.05444,120.26610,geocode_road,臺南市永康區和平路,"和平路, 三民里, 永康區, 臺南市, 710, 臺灣"
R14A1883,易昇鋼鐵股份有限公司,臺南市,臺南市永康區正南一街200號,23.02722,120.22534,geocode_road,臺南市永康區正南一街,"正南一街, 尚頂里, 永康區, 臺南市, 710, 臺灣"
R8400372,台灣史谷脫紙業股份有限公司新營廠,臺南市,臺南市新營區太子路321號,23.30177,120.29543,geocode_road,臺南市新營區太子路,"太子路, 南紙里, 新營區, 臺南市, 730, 臺灣"
R8400827,榮剛材料科技股份有限公司新營廠,臺南市,臺南市新營區新中路35號,23.30299,120.27648,geocode_road,臺南市新營區新中路,"新中路, 新營產業園區, 嘉芳里, 新營區, 臺南市, 730, 臺灣"
R8500582,華新麗華股份有限公司鹽水廠,臺南市,臺南市鹽水區汫水里溪州寮3-10號A棟,23.31983,120.26640,geocode_area,臺南市鹽水區,"鹽水區, 臺南市, 737, 臺灣"
R9001597,能元科技股份有限公司南科廠,臺南市,臺南市善化區大利二路10號,23.11915,120.28020,geocode_road,臺南市善化區大利二路,"大利二路, 南科台南園區, 南科特定區F區, 南關里, 善化區, 臺南市, 741, 臺灣"
R9001631,三福氣體股份有限公司南科廠,臺南市,臺南市善化區胡厝里興農路772號乙廠、臺南市安定區蘇林里蘇厝1之48號,23.13004,120.26778,geocode_road,臺南市善化區興農路,"興農路, 西衚, 胡厝里, 善化區, 臺南市, 741, 臺灣"
R9001677,台灣積體電路製造股份有限公司十四廠,臺南市,臺南市善化區南科北路一號之一、一號之二及臺南市新市區環西路二段五號,23.11616,120.27434,geocode_road,臺南市善化區南科北路,"南科北路, 南科台南園區, 南科特定區F區, 南關里, 善化區, 臺南市, 741, 臺灣"
R9001702,台灣康寧顯示玻璃股份有限公司南科分公司台南廠,臺南市,臺南市善化區環東路二段33號,23.11474,120.28100,geocode_road,臺南市善化區環東路二段,"環東路二段, 南科台南園區, 南關里, 善化區, 臺南市, 741, 臺灣"
R9004230,台灣積體電路製造股份有限公司六廠,臺南市,臺南市善化區南科北路1號,23.11616,120.27434,geocode_road,臺南市善化區南科北路,"南科北路, 南科台南園區, 南科特定區F區, 南關里, 善化區, 臺南市, 741, 臺灣"
R90A0401,誠美材料科技股份有限公司,臺南市,臺南市善化區木柵港西路13號,23.13226,120.29690,geocode_area,臺南市善化區,"善化區, 臺南市, 741, 臺灣"
R90A0689,住華科技股份有限公司南科一廠,臺南市,臺南市善化區環東路二段32號,23.11474,120.28100,geocode_road,臺南市善化區環東路二段,"環東路二段, 南科台南園區, 南關里, 善化區, 臺南市, 741, 臺灣"
R90A1360,台灣積體電路製造股份有限公司先進封測二廠,臺南市,臺南市善化區南部科學園區南關里南科七路18之1號,23.11291,120.28186,geocode_road,臺南市善化區南科七路,"南科七路, 南科台南園區, 南關里, 善化區, 臺南市, 741, 臺灣"
R9100522,東盟開發實業股份有限公司學甲廠,臺南市,臺南市學甲區秀昌里一秀155號,23.23235,120.18025,geocode_area,臺南市學甲區,"學甲區, 臺南市, 726, 臺灣"
R92A0659,榮剛材料科技股份有限公司柳營廠,臺南市,臺南市柳營區大農里環園西路二段2、6號及脚腿仔大道13號,23.27968,120.35438,geocode_road,臺南市柳營區環園西路二段,"環園西路二段, 柳營科技暨環保園區, 大農, 大農里, 柳營區, 臺南市, 736, 臺灣"
R9701056,大統益股份有限公司,臺南市,臺南市官田區二鎮里工業西路32號,23.20677,120.31998,geocode_road,臺南市官田區工業西路,"工業西路, 官田產業園區, 二鎮里, 官田區, 臺南市, 720, 臺灣"
R9701341,威致鋼鐵工業股份有限公司官田廠,臺南市,臺南市官田區南廍里南廍123號,23.19200,120.31649,geocode_area,臺南市官田區,"官田區, 臺南市, 720, 臺灣"
R9702160,台灣汽電共生股份有限公司官田廠,臺南市,臺南市官田區工業西路28號,23.20677,120.31998,geocode_road,臺南市官田區工業西路,"工業西路, 官田產業園區, 二鎮里, 官田區, 臺南市, 720, 臺灣"
S1601990,燁聯鋼鐵股份有限公司,高雄市,"高雄市岡山區嘉興里興隆街581,590,592,600,600-1,600-2,600-3,602,604號",22.82243,120.29848,geocode_road,高雄市岡山區興隆街,"興隆街, 嘉興里, 岡山區, 嘉興, 高雄市, 820, 臺灣"
S1602102,中鴻鋼鐵股份有限公司熱軋廠,高雄市,高雄市岡山區嘉興里興隆街576、-1、-2、-3、-5號,22.82243,120.29848,geocode_road,高雄市岡山區興隆街,"興隆街, 嘉興里, 岡山區, 嘉興, 高雄市, 820, 臺灣"
S1900283,和益化學工業股份有限公司,高雄市,高雄市林園區石化三路9號,22.48785,120.40368,geocode_road,高雄市林園區石化三路,"石化三路, 林園產業園區, 五福里, 林園區, 中芸, 高雄市, 832, 臺灣"
S1900372,台灣氯乙烯工業股份有限公司林園廠,高雄市,高雄市林園區溪洲里工業一路1號,22.51302,120.40999,geocode_road,高雄市林園區工業一路,"工業一路, 溪州里, 林園區, 林子邊, 高雄市, 832, 臺灣"
S1900578,東聯化學股份有限公司高雄林園廠,高雄市,高雄市林園區工業三路三、五號,22.49292,120.41576,geocode_road,高雄市林園區工業三路,"工業三路, 五福里, 林園區, 汕尾, 高雄市, 832, 臺灣"
S1900596,亞洲聚合股份有限公司 林園廠,高雄市,高雄市林園區工業一路3號,22.51302,120.40999,geocode_road,高雄市林園區工業一路,"工業一路, 溪州里, 林園區, 林子邊, 高雄市, 832, 臺灣"
S1900612,聯成化學科技股份有限公司林園廠,高雄市,高雄市林園區工業二路3號,22.52325,120.41277,geocode_road,高雄市林園區工業二路,"工業二路, 潭頭里, 林園區, 昭明, 高雄市, 832, 臺灣"
S1900630,台達化學工業股份有限公司林園廠,高雄市,高雄市林園區工業一路5號,22.51302,120.40999,geocode_road,高雄市林園區工業一路,"工業一路, 溪州里, 林園區, 林子邊, 高雄市, 832, 臺灣"
S1900658,台灣苯乙烯工業股份有限公司高雄廠,高雄市,高雄市林園區溪洲里工業一路七號,22.51302,120.40999,geocode_road,高雄市林園區工業一路,"工業一路, 溪州里, 林園區, 林子邊, 高雄市, 832, 臺灣"
S1900676,李長榮化學工業股份有限公司林園廠,高雄市,高雄市林園區石化三路11號,22.48785,120.40368,geocode_road,高雄市林園區石化三路,"石化三路, 林園產業園區, 五福里, 林園區, 中芸, 高雄市, 832, 臺灣"
S1900685,台灣塑膠工業股份有限公司林園廠,高雄市,高雄市林園區石化一路1號,22.50758,120.41114,geocode_road,高雄市林園區石化一路,"石化一路, 林園產業園區, 溪州里, 林園區, 林子邊, 高雄市, 832, 臺灣"
S1900694,台灣石化合成股份有限公司林園廠,高雄市,高雄市林園區工業二路1號,22.52325,120.41277,geocode_road,高雄市林園區工業二路,"工業二路, 潭頭里, 林園區, 昭明, 高雄市, 832, 臺灣"
S1900701,台灣塑膠工業股份有限公司林園聚丙烯廠,高雄市,高雄市林園區溪州里石化一路1-1號、工業一路16號,22.50758,120.41114,geocode_road,高雄市林園區石化一路,"石化一路, 林園產業園區, 溪州里, 林園區, 林子邊, 高雄市, 832, 臺灣"
S1900710,台灣中油股份有限公司石化事業部,高雄市,高雄市林園區石化二路3號,22.49757,120.41349,geocode_road,高雄市林園區石化二路,"石化二路, 林園產業園區, 五福里, 林園區, 汕尾, 高雄市, 832, 臺灣"
S1900729,聯華林德氣體工業股份有限公司林園工廠,高雄市,高雄市林園區工業二路3-1號,22.52325,120.41277,geocode_road,高雄市林園區工業二路,"工業二路, 潭頭里, 林園區, 昭明, 高雄市, 832, 臺灣"
S1901002,合興石化工業股份有限公司林園廠,高雄市,高雄市林園區石化二路2號,22.49757,120.41349,geocode_road,高雄市林園區石化二路,"石化二路, 林園產業園區, 五福里, 林園區, 汕尾, 高雄市, 832, 臺灣"
S1901066,信昌化學工業股份有限公司林園廠,高雄市,高雄市林園區五福里工業三路9號,22.49292,120.41576,geocode_road,高雄市林園區工業三路,"工業三路, 五福里, 林園區, 汕尾, 高雄市, 832, 臺灣"
S2000424,台灣寶理塑膠股份有限公司大發廠,高雄市,高雄市大寮區潮寮里建業路13號,22.57118,120.42838,geocode_road,高雄市大寮區建業路,"建業路, 大發產業園區, 過溪里, 大寮區, 潮寮, 高雄市, 831, 臺灣"
S2001314,長春石油化學股份有限公司 大發廠,高雄市,高雄市大寮區建業路11號,22.57118,120.42838,geocode_road,高雄市大寮區建業路,"建業路, 大發產業園區, 過溪里, 大寮區, 潮寮, 高雄市, 831, 臺灣"
S2005081,長春人造樹脂廠股份有限公司大發廠,高雄市,高雄市大寮區華西路8號,22.58897,120.42280,geocode_road,高雄市大寮區華西路,"華西路, 大發產業園區, 大寮里, 大寮區, 大寮, 高雄市, 831, 臺灣"
S2005652,大連化學工業股份有限公司大發廠,高雄市,高雄市大寮區華西路8-1號,22.58897,120.42280,geocode_road,高雄市大寮區華西路,"華西路, 大發產業園區, 大寮里, 大寮區, 大寮, 高雄市, 831, 臺灣"
S2015916,長春人造樹脂廠股份有限公司大發二廠,高雄市,高雄市大寮區華西路6號,22.58897,120.42280,geocode_road,高雄市大寮區華西路,"華西路, 大發產業園區, 大寮里, 大寮區, 大寮, 高雄市, 831, 臺灣"
S20A2878,國巨股份有限公司大發二廠,高雄市,高雄市大寮區過溪里大業街５號,22.58330,120.43060,geocode_road,高雄市大寮區大業街,"大業街, 大發產業園區, 過溪里, 大寮區, 大寮, 高雄市, 831, 臺灣"
S2100223,中華紙漿股份有限公司久堂廠,高雄市,高雄市大樹區久堂里久堂路112、112-1、14號,22.65868,120.41942,geocode_road,高雄市大樹區久堂路,"久堂路, 久堂里, 大樹區, 九曲堂, 高雄市, 840, 臺灣"
S2201056,台灣聚合化學品股份有限公司高雄廠,高雄市,高雄市仁武區鳳仁路330號,22.67652,120.35829,geocode_road,高雄市仁武區鳳仁路,"鳳仁路, 考潭, 考潭里, 仁武區, 崎子腳, 高雄市, 814, 臺灣"
S2201092,長春人造樹脂廠股份有限公司高雄廠,高雄市,高雄市仁武區工業一路8、12、14號,22.70110,120.34284,geocode_road,高雄市仁武區工業一路,"工業一路, 仁大產業園區, 仁武里, 仁武區, 仁武, 高雄市, 814, 臺灣"
S2201109,台灣塑膠工業股份有限公司仁武廠,高雄市,高雄市仁武區水管路100號,22.70613,120.33756,geocode_road,高雄市仁武區水管路,"水管路, 竹後里, 仁武區, 竹後, 高雄市, 814, 臺灣"
S2201118,南亞塑膠工業股份有限公司仁武廠,高雄市,高雄市仁武區水管路101號,22.70613,120.33756,geocode_road,高雄市仁武區水管路,"水管路, 竹後里, 仁武區, 竹後, 高雄市, 814, 臺灣"
S2300401,中國人造纖維股份有限公司高雄總廠,高雄市,高雄市大社區三奶里經建路8號,22.72697,120.34182,geocode_road,高雄市大社區經建路,"經建路, 仁大產業園區, 三奶里, 大社區, 三奶壇, 高雄市, 815, 臺灣"
S2300410,中國石油化學工業開發股份有限公司大社廠,高雄市,高雄市大社區經建路1號,22.72697,120.34182,geocode_road,高雄市大社區經建路,"經建路, 仁大產業園區, 三奶里, 大社區, 三奶壇, 高雄市, 815, 臺灣"
S2300429,國喬石油化學股份有限公司高雄廠,高雄市,高雄市大社區興工路4號,22.71963,120.34244,geocode_road,高雄市大社區興工路,"興工路, 仁大產業園區, 三奶里, 大社區, 三奶壇, 高雄市, 815, 臺灣"
S2300438,台橡股份有限公司高雄廠,高雄市,高雄市大社區興工路2號,22.71963,120.34244,geocode_road,高雄市大社區興工路,"興工路, 仁大產業園區, 三奶里, 大社區, 三奶壇, 高雄市, 815, 臺灣"
S2300447,高雄塑酯化學工業股份有限公司,高雄市,高雄市大社區興工路1號,22.71963,120.34244,geocode_road,高雄市大社區興工路,"興工路, 仁大產業園區, 三奶里, 大社區, 三奶壇, 高雄市, 815, 臺灣"
S2300465,大連化學工業股份有限公司高雄廠,高雄市,高雄市大社區三奶里興工路1之3號,22.71963,120.34244,geocode_road,高雄市大社區興工路,"興工路, 仁大產業園區, 三奶里, 大社區, 三奶壇, 高雄市, 815, 臺灣"
S23A0124,李長榮化學工業股份有限公司大社廠,高雄市,高雄市大社區經建路2號,22.72697,120.34182,geocode_road,高雄市大社區經建路,"經建路, 仁大產業園區, 三奶里, 大社區, 三奶壇, 高雄市, 815, 臺灣"
S2500527,中鴻鋼鐵股份有限公司冷軋廠,高雄市,高雄市橋頭區芋寮里芋寮路317號,22.75821,120.29180,geocode_road,高雄市橋頭區芋寮路,"高雄市私立高苑高級工商職業學校, 1, 芋寮路, 芋寮里, 橋頭區, 芋寮, 高雄市, 825, 臺灣"
S2500536,燁輝企業股份有限公司高雄一廠,高雄市,高雄市橋頭區芋寮路369號,22.75821,120.29180,geocode_road,高雄市橋頭區芋寮路,"高雄市私立高苑高級工商職業學校, 1, 芋寮路, 芋寮里, 橋頭區, 芋寮, 高雄市, 825, 臺灣"
S2602473,裕鐵企業股份有限公司岡山二廠,高雄市,高雄市燕巢區安招里安招路639之1號,22.78954,120.33287,geocode_road,高雄市燕巢區安招路,"安招路, 安招里, 燕巢區, 援巢右, 高雄市, 824, 臺灣"
S2603498,泓達化工股份有限公司燕巢廠,高雄市,高雄市燕巢區中興路922號,22.78565,120.36354,geocode_road,高雄市燕巢區中興路,"高雄市立燕巢國民中學, 267, 中興路, 南燕里, 燕巢區, 角宿, 高雄市, 824, 臺灣"
S26A0793,裕鐵企業股份有限公司岡山三廠,高雄市,高雄市燕巢區安招里安招路639之2號,22.78954,120.33287,geocode_road,高雄市燕巢區安招路,"安招路, 安招里, 燕巢區, 援巢右, 高雄市, 824, 臺灣"
S29A1607,群創光電股份有限公司F廠,高雄市,高雄市路竹區後鄉里路科十路11號(不含B室、7FA室),22.83992,120.25369,geocode_road,高雄市路竹區路科十路,"路科十路, 南科高雄園區, 後鄉里, 路竹區, 半路竹, 高雄市, 821, 臺灣"
S3200428,勝一化工股份有限公司,高雄市,高雄市永安區維新里永工一路5號,22.81318,120.25432,geocode_road,高雄市永安區永工一路,"永工一路, 永安產業園區, 維新里, 永安區, 五分子, 高雄市, 828, 臺灣"
S3200688,台灣電力股份有限公司興達發電廠,高雄市,高雄市永安區興達路6號,22.85457,120.19687,manual,,OSM：興達發電廠（茄萣區/永安區交界）
S3200946,台灣中油股份有限公司天然氣事業部永安液化天然氣廠,高雄市,高雄市永安區新港里新興路1-20號,22.83377,120.20832,geocode_road,高雄市永安區新興路,"鹽田社區活動中心, 99, 新興路, 鹽田里, 永安區, 高雄市, 828, 臺灣"
S3200955,遠東氣體工業股份有限公司永安工廠,高雄市,高雄市永安區新興路一之21號,22.83377,120.20832,geocode_road,高雄市永安區新興路,"鹽田社區活動中心, 99, 新興路, 鹽田里, 永安區, 高雄市, 828, 臺灣"
S3204695,勝一化工股份有限公司永安二廠,高雄市,高雄市永安區維新里永工一路18號,22.81318,120.25432,geocode_road,高雄市永安區永工一路,"永工一路, 永安產業園區, 維新里, 永安區, 五分子, 高雄市, 828, 臺灣"
T4203686,燁輝企業股份有限公司屏東廠,屏東縣,屏東縣屏東市屏東工業區工業六路六號,22.65614,120.49700,geocode_road,屏東縣屏東市屏東工業區工業六路,"工業六路, 屏東產業園區, 橋南里, 屏東市, 屏東縣, 900, 臺灣"
U0100187,台灣水泥股份有限公司和平分公司和平廠,花蓮縣,花蓮縣秀林鄉和平村和平路二六三號,24.30323,121.75270,manual,,OSM：台灣水泥公司和平廠
U9400115,亞洲水泥股份有限公司花蓮製造廠,花蓮縣,花蓮縣新城鄉新城村新興路125號,24.13654,121.63659,geocode_road,花蓮縣新城鄉新興路,"新興路, 興田, 新城村, 新城鄉, 花蓮縣, 971, 臺灣"
U9500478,中華紙漿股份有限公司花蓮廠,花蓮縣,花蓮縣吉安鄉光華村光華街100號,23.93353,121.58036,geocode_road,花蓮縣吉安鄉光華街,"光華街, 光華二村, 光華村, 吉安鄉, 花蓮縣, 973, 臺灣"
V7500777,中華紙漿股份有限公司台東廠,臺東縣,臺東縣臺東市中興路四段371號,22.77416,121.09656,geocode_road,臺東縣臺東市中興路四段,"中興路四段, 披山新村, 豐田里, 臺東市, 臺東縣, 950, 臺灣"
