case_id,doc_id,doc_title,doc_kind,pub_year_roc,page,case_key,industry,tech_name,category,subcategory,company,supplier,overseas,status,year_done,investment_wan,investment_min_wan,investment_max_wan,investment_text,saving_text,electricity_kwh,electricity_kwh_max,steam_t,fuel_oil_kl,coal_t,gas_m3,benefit_wan,benefit_min_wan,benefit_max_wan,benefit_text,co2_t,co2_min_t,co2_max_t,co2_text,emission_factor,payback_years,payback_min_years,payback_max_years,payback_text,note
2d0f55d6-p27-1,2d0f55d6-6b14-4617-9c8c-c7bc3fa7e184,水泥業低碳綠色製程技術選用評估彙編(106年),compilation,106,27,,水泥業,生料磨系統改造（中卸球磨改滾壓機終粉磨）,製程,水泥製程,,,,已執行,2013,,,,,系統產量由190 t/h提升至260~270 t/h，單位生料電耗由22~24降至13.3 kWh/t,13640000,,,,,,3120,,,"節電2,850萬元/年（2.09元/kWh）＋備品備件由450萬元降至180萬元",,,,,,,,,,A公司；未列投資與減碳量
2d0f55d6-p30-1,2d0f55d6-6b14-4617-9c8c-c7bc3fa7e184,水泥業低碳綠色製程技術選用評估彙編(106年),compilation,106,30,,水泥業,旋窯燒成系統改善（預熱機旋風筒優化、Cross-Bar冷卻機）,節能,熱能系統,,,,已執行,2012,,,,,"熟料耗熱量由860降至780 kcal/kg-cl；熟料產量由4,150增至4,750噸/日",,,,,,,,,,,,,,,,,,,,B廠（花蓮）；冷卻機後段餘熱供低溫餘熱鍋爐發電
2d0f55d6-p31-1,2d0f55d6-6b14-4617-9c8c-c7bc3fa7e184,水泥業低碳綠色製程技術選用評估彙編(106年),compilation,106,31,,水泥業,水泥磨系統改造（滾壓機聯合粉磨）,製程,水泥製程,,,,已執行,,,,,,"系統產量由65提升至180~190 t/h，電耗降低10 kWh/t；年產130萬噸水泥年節電約1,300萬度",13000000,,,,,,2717,,,2.09元/kWh,,,,,,,,,,C公司
2d0f55d6-p32-1,2d0f55d6-6b14-4617-9c8c-c7bc3fa7e184,水泥業低碳綠色製程技術選用評估彙編(106年),compilation,106,32,,水泥業,煤磨動態選粉機與導風環改善,節能,動力系統,,,,已執行,2016,,,,,"電耗由32.1降至28.9度/噸（節能率9.97%），年節電673,325度、節煤553.5公噸",673325,,,,553.5,,260,,,"電2.09元/度、煤2,154元/公噸",,,,,,,,,,D廠Loesche豎磨
2d0f55d6-p33-1,2d0f55d6-6b14-4617-9c8c-c7bc3fa7e184,水泥業低碳綠色製程技術選用評估彙編(106年),compilation,106,33,,水泥業,水泥窯使用廢棄物替代燃料（生活垃圾、廢輪胎、熱盤爐）,燃料,替代燃料,,FLSmidth,,已執行,,,,,,"廢輪胎熱值8,700 kcal/kg、生活垃圾2,200 kcal/kg可替代部分燃煤",,,,,,,,,,,,,,,,,,,,技術介紹，未列案例數值
2d0f55d6-p36-1,2d0f55d6-6b14-4617-9c8c-c7bc3fa7e184,水泥業低碳綠色製程技術選用評估彙編(106年),compilation,106,36,,水泥業,水泥使用替代原料（爐石、燃煤飛灰）,製程,原料替代,,,,已執行,,,,,,爐石：熟料產量+10%、耗熱減少2.3~12%、CO2減量7%；每公噸飛灰約減少耗電19 kWh、原煤30公斤、CO2排放87公斤,,,,,,,,,,,,,,,,,,,,技術介紹，未列案例數值
7e87013a-p21-1,7e87013a-4b28-4ee3-a049-6a0ea0cfbb7c,鋼鐵業低碳綠色製程技術選用評估彙編(106年),compilation,106,21,,鋼鐵業,焦炭乾式淬火（CDQ）,節能,餘熱餘能回收,,,,已執行,,,,,,"回收熱焦炭顯熱產生蒸汽發電，約48.9度/噸焦炭；三階CDQ產能170噸焦炭/小時（發電約29,000 kWh/小時）",,,,,,,,,,,,,,,,,,,,A公司一貫作業鋼廠；未列投資與減碳量
7e87013a-p24-1,7e87013a-4b28-4ee3-a049-6a0ea0cfbb7c,鋼鐵業低碳綠色製程技術選用評估彙編(106年),compilation,106,24,,鋼鐵業,高爐熱風爐廢熱回收（熱管式預熱BFG與空氣）,節能,餘熱餘能回收,,,,已執行,,,,,,"四座高爐熱風爐廢熱回收，回收熱能約12,500~23,900 kW/套",,,,,,,,,,,,,,,,,,,,B公司；未列投資與減碳量
7e87013a-p25-1,7e87013a-4b28-4ee3-a049-6a0ea0cfbb7c,鋼鐵業低碳綠色製程技術選用評估彙編(106年),compilation,106,25,,鋼鐵業,煉鋼溫鋼胚直接軋延（電感應式加熱爐）,製程,鋼鐵製程,,,,已執行,,,,,,較單軋廠製程約節省29.8公升重油/噸鋼筋,,,,,,,,,,,,,,,,,,,,B公司電弧爐煉鋼；重油加熱爐改電感應式加熱爐
7e87013a-p27-1,7e87013a-4b28-4ee3-a049-6a0ea0cfbb7c,鋼鐵業低碳綠色製程技術選用評估彙編(106年),compilation,106,27,,鋼鐵業,空壓系統增設變頻空壓機與蓄壓桶,節能,動力系統,,,,已執行,,,,,,以300hp變頻螺旋式空壓機1+1台調節280~525hp變動需求，避免700hp機組非全載運轉浪費約262hp,,,,,,,,,,,,,,,,,,,,C公司；未列量化效益
7e87013a-p29-1,7e87013a-4b28-4ee3-a049-6a0ea0cfbb7c,鋼鐵業低碳綠色製程技術選用評估彙編(106年),compilation,106,29,,鋼鐵業,軋鋼加熱爐蓄熱式燃燒器,節能,燃燒系統,,,,已執行,,,,,,每噸鋼能源耗用由310降至260 Mcal/ton，降低約16%,,,,,,,,,,,,,,,,,,,,D公司
7e87013a-p35-1,7e87013a-4b28-4ee3-a049-6a0ea0cfbb7c,鋼鐵業低碳綠色製程技術選用評估彙編(106年),compilation,106,35,,鋼鐵業,退火塗覆線加熱爐輻射管節能裝置（RTI）＋燃燒管理,節能,燃燒系統,,,,已執行,,445,,,節能器約445萬元,每噸產品COG能耗降低約20%，輻射管效率提升約4%,,,,,,,758,,,,1430,,,,,,,,,E公司冷軋廠電磁鋼片產線
7e87013a-p36-1,7e87013a-4b28-4ee3-a049-6a0ea0cfbb7c,鋼鐵業低碳綠色製程技術選用評估彙編(106年),compilation,106,36,steel-electrode,鋼鐵業,電弧爐電極棒控制系統汰換優化,節能,電力與照明,,,,已執行,2016,1000,,,"約1,000萬元（兩套控制器）",節省送電量7.04 kWh/噸鋼；降低電極棒消耗,,,,,,,,,,,,,,,,1.3,,,,F公司不鏽鋼煉鋼
7e87013a-p39-1,7e87013a-4b28-4ee3-a049-6a0ea0cfbb7c,鋼鐵業低碳綠色製程技術選用評估彙編(106年),compilation,106,39,steel-ladle-preheat,鋼鐵業,盛鋼桶蓄熱式預熱器,節能,餘熱餘能回收,,,,已執行,,,,,,天然氣由710降至約510 Nm3/爐（節氣率約27%）；105/1~106/6累計節能123.9公秉油當量,,,,,,,,,,,157,,,18個月累計減少235.736公噸CO2e，年化約157公噸,,,,,,F公司
d228fbb2-p25-1,d228fbb2-fe5d-4315-800c-a37db1f873ee,玻璃相關產業低碳製程技術彙編(107年),compilation,107,25,,玻璃業,純氧燃燒熔爐（玻璃纖維）,節能,燃燒系統,,,,已執行,,,,,,"重油用量由429降至279 L/hr（-35%），節省重油1,314 kL/年；玻璃流量+12.5%",,,,1314,,,1016,,,"重油＋氧氣支出由5,461.5萬元降為4,445.5萬元/年",4088,,,,,,,,,A公司玻纖熔爐；未列投資金額
d228fbb2-p28-1,d228fbb2-fe5d-4315-800c-a37db1f873ee,玻璃相關產業低碳製程技術彙編(107年),compilation,107,28,,玻璃業,提高回收玻璃（熟料）使用量,製程,原料替代,,,,已執行,,,,,,Flint玻璃回收玻璃比例30%→50%、有色玻璃30%→70%；每增加10%可減少耗能2.5%、降低原料成本0.277元/kg,,,,,,,,,,,12760,,,,,,,,,B公司容器玻璃廠；每日減少34.98公噸CO2
d228fbb2-p30-1,d228fbb2-fe5d-4315-800c-a37db1f873ee,玻璃相關產業低碳製程技術彙編(107年),compilation,107,30,,玻璃業,低熱散節能熔爐設計（熔爐保溫與蓄熱室擴大）,節能,保溫隔熱,,,,已執行,,,,,,重油節省13.3~17.6公升/公噸玻璃（年引出量5萬公噸）,,,,,,,,,,,2403.5,2069,2738,,,,,,,C公司容器玻璃廠冷修時改善
d228fbb2-p34-1,d228fbb2-fe5d-4315-800c-a37db1f873ee,玻璃相關產業低碳製程技術彙編(107年),compilation,107,34,,玻璃業,徐冷爐燃燒器更換,節能,燃燒系統,,,,已執行,,,,,,"天然氣用量每月減少3,261 m3",,,,,,39132,,,,,73.57,,,,,,,,,E公司容器玻璃廠
d228fbb2-p35-1,d228fbb2-fe5d-4315-800c-a37db1f873ee,玻璃相關產業低碳製程技術彙編(107年),compilation,107,35,,玻璃業,移除熔爐邊牆液位線冷卻水箱（Tuck cooler）,節能,熱能系統,,,,已執行,,,,,,"每日節省1,680 therm，相當重油1,577,175 L/年（600噸/日產線）",,,,1577,,,,,,,4923,,,,,,,,,平板玻璃；國外文獻推估
d228fbb2-p36-1,d228fbb2-fe5d-4315-800c-a37db1f873ee,玻璃相關產業低碳製程技術彙編(107年),compilation,107,36,,玻璃業,蓄熱室設計（燃燒空氣預熱回收）,節能,餘熱餘能回收,台灣玻璃,,,已執行,,,,,,"燃燒空氣由50℃預熱至1,200℃，相當節省重油7,541,747 L/年",,,,7542,,,,,,,23539,,,,,,,,,
d228fbb2-p37-1,d228fbb2-fe5d-4315-800c-a37db1f873ee,玻璃相關產業低碳製程技術彙編(107年),compilation,107,37,,玻璃業,邊牆冷卻風機增設變頻器,節能,動力系統,台灣玻璃,,,已執行,,,,,,275Hp風機由60Hz調至33Hz，耗電由215.27 kW降至38.10 kW,1552009,,,,,,,,,,859.8,,,,0.554,,,,,
d228fbb2-p38-1,d228fbb2-fe5d-4315-800c-a37db1f873ee,玻璃相關產業低碳製程技術彙編(107年),compilation,107,38,,玻璃業,錫槽密封技術,節能,保溫隔熱,台灣玻璃,,,已執行,,,,,,"電加熱平均功率由1,758 kW降至1,694 kW",560640,,,,,,,,,,310.59,,,,0.554,,,,,
d228fbb2-p38-2,d228fbb2-fe5d-4315-800c-a37db1f873ee,玻璃相關產業低碳製程技術彙編(107年),compilation,107,38,,玻璃業,富氧燃燒技術（平板玻璃）,節能,燃燒系統,台灣玻璃,,,已執行,2012,,,,,"節省重油117 L/hr（1,024,920 L/年）",,,,1025,,,,,,,3199,,,,,,,,,
2e5d7d7f-p25-1,2e5d7d7f-b72b-4adc-8748-529a893cc74a,紡織業低碳製程技術彙編(107年),compilation,107,25,textile-absorb-2800,紡織業,吸收式冷凍機回收蒸餾塔餘熱,節能,餘熱餘能回收,,,,已執行,,2800,,,,"蒸餾塔廢熱約400萬大卡，供吸收式冷凍機產生約830RT，取代1台1,000RT離心機，合計節省532.1 kWh/h",4660320,,,,,,932,,,1 kWh=2元計,2582,,,,0.554,3,,,,
2e5d7d7f-p27-1,2e5d7d7f-b72b-4adc-8748-529a893cc74a,紡織業低碳製程技術彙編(107年),compilation,107,27,textile-fan-34,紡織業,高效率軸流風扇（碳纖維葉片排風機）,節能,動力系統,,,,已執行,,34.2,,,,9台排風機總電流由57.6A降至43A,70180,,,,,,16.6,,,1 kWh=2.36元計,39,,,,0.554,2.1,,,,
2e5d7d7f-p29-1,2e5d7d7f-b72b-4adc-8748-529a893cc74a,紡織業低碳製程技術彙編(107年),compilation,107,29,textile-lowliquor-2086,紡織業,低浴比染機改善（汰換13台染色機）,製程,紡織染整製程,,,,已執行,,2085.5,,,,"浴比由1:13.6降至1:6.7；節電480,978 kWh/年、節煤974公噸/年（節省蒸汽7,307公噸）",480978,,7307,,974,,387.9,,,"1 kWh=2.8元；煤2,600元/公噸",2485,,,,0.554,5.4,,,,未包含節水、減少助劑、廢水與重修等效益
2e5d7d7f-p31-1,2e5d7d7f-b72b-4adc-8748-529a893cc74a,紡織業低碳製程技術彙編(107年),compilation,107,31,textile-tenter-800,紡織業,直燃式拉幅機（熱媒鍋爐重油改天然氣直燃）,燃料,燃料轉換,,,,已執行,,800,,,,"節省重油299 kL/年，增加天然氣253,668 m3/年；每碼燃料成本降22.7%",,,,,,,100,,,"重油14,673元/kL；天然氣13.38元/m3",454,,,,,9,,,,
2e5d7d7f-p34-1,2e5d7d7f-b72b-4adc-8748-529a893cc74a,紡織業低碳製程技術彙編(107年),compilation,107,34,textile-induction-392,紡織業,電磁式加熱裝置（壓出機電阻式改電磁感應加熱）,燃料,電氣化,,,,已執行,2017,392,,,,,529632,,,,,,127.1,,,1 kWh=2.4元計,293,,,,0.554,3,,,,
b2ad62ed-p35-1,b2ad62ed-11ae-4e4a-b61f-a6c621ceaf58,石化業低碳製程技術彙編(108年),compilation,108,35,petchem-orc-670,石化業,有機朗肯循環（ORC）發電技術,節能,餘熱餘能回收,,漢力能源科技,,已執行,,670,,,約670萬元（僅設備費用，不含電纜線）,回收製程暖管剩餘蒸汽1.9 T/hr，淨發電126.6 kW,1012800,,,,,,211,,,1 kWh=2.085元計,540,,,,0.533,3.2,,,,
b2ad62ed-p37-1,b2ad62ed-11ae-4e4a-b61f-a6c621ceaf58,石化業低碳製程技術彙編(108年),compilation,108,37,petchem-steamdiff-2258,石化業,蒸汽壓差發電技術,節能,餘熱餘能回收,,,,已執行,,2258,,,,"發電187.1 kW，年運轉4,000小時",748400,,,,,,165,,,1 kWh=2.2元計,399,,,,0.533,13.7,,,,
b2ad62ed-p39-1,b2ad62ed-11ae-4e4a-b61f-a6c621ceaf58,石化業低碳製程技術彙編(108年),compilation,108,39,petchem-coil-15000,石化業,纏繞管熱交換技術,節能,餘熱餘能回收,台塑企業,,,已執行,,15000,,,約430萬美元，約新台幣1.5億元（含修改鋼構及配管）,"41K蒸汽約節省18%（16,800公噸/年）、燃氣約節省57%（3,440公噸/年）",,,16800,,,,5209,,,,14109,,,,,2.9,,,,
b2ad62ed-p42-1,b2ad62ed-11ae-4e4a-b61f-a6c621ceaf58,石化業低碳製程技術彙編(108年),compilation,108,42,petchem-ceramic-810,石化業,高溫陶瓷保溫塗料（加熱爐）,節能,保溫隔熱,,柏榮工程企業,,已執行,,810,,,,"節省燃料油約2,162公秉/年，減少回收蒸汽16,000公噸/年",,,,,,,2863,,,,1880,,,,,0.28,,,,
b2ad62ed-p44-1,b2ad62ed-11ae-4e4a-b61f-a6c621ceaf58,石化業低碳製程技術彙編(108年),compilation,108,44,petchem-cfan-180,石化業,冷卻水塔散熱風扇效率提升（碳纖維風扇）,節能,冷卻系統,台塑企業,,,已執行,,180,,,碳纖維風扇約180萬元（玻璃纖維風扇組約110萬元，價差約70萬元）,耗用功率由171.7 kW降至154.1 kW（-10.2%）,154176,,,,,,31,,,1 kWh=2.0元計,82,,,,0.533,5.8,,,,以價差70萬元計之回收年限約2.3年
b2ad62ed-p47-1,b2ad62ed-11ae-4e4a-b61f-a6c621ceaf58,石化業低碳製程技術彙編(108年),compilation,108,47,petchem-co2-150000,石化業,CO2再利用技術（回收CO2製CO生產醋酸）,其他,CCUS,長春石油化學,,,已執行,,,,,,醋酸廠每年回收15萬公噸CO2作為CO原料（跨公司整合）,,,,,,,,,,,150000,,,,,,,,,無投資與回收年限資料
f15c8e9d-p28-1,f15c8e9d-462b-493d-bf14-40724b9f54b2,半導體業低碳製程技術彙編(108年),compilation,108,28,,半導體業,製程冰水系統運用AI節能最佳化控制,節能,冷卻系統,,,,已執行,,300,,,,節電率約2.13%,33000000,,,,,,9900,,,1 kWh=3元計,17424,,,,0.528,0.03,,,,
f15c8e9d-p29-1,f15c8e9d-462b-493d-bf14-40724b9f54b2,半導體業低碳製程技術彙編(108年),compilation,108,29,semi-k7-airheat,半導體業,製程空調系統熱整合（空壓熱源取代電熱器）,節能,餘熱餘能回收,,,,已執行,,156,,,,,698052,,,,,,188,,,1 kWh=2.7元計,372,,,,0.533,0.83,,,,
f15c8e9d-p32-1,f15c8e9d-462b-493d-bf14-40724b9f54b2,半導體業低碳製程技術彙編(108年),compilation,108,32,,半導體業,冷卻水塔散熱風扇效率提升（單台）,節能,冷卻系統,,,,已執行,,37.5,,,單台37.5萬元,節電率約24.67%（單台）,131400,,,,,,31.8,,,1 kWh=2.369元計,70,,,,0.533,1.2,,,,數值以單台計
f15c8e9d-p33-1,f15c8e9d-462b-493d-bf14-40724b9f54b2,半導體業低碳製程技術彙編(108年),compilation,108,33,,半導體業,不斷電系統（UPS）節能技術,節能,電力與照明,,,,已執行,,382.8,,,,"145台UPS效率由93.2%提升至98.9%，損耗由2,465.9 kW降至280.8 kW",19141476,,,,,,4785.3,,,1 kWh=2.5元計,10604,,,,0.554,0.08,,,,
f15c8e9d-p35-1,f15c8e9d-462b-493d-bf14-40724b9f54b2,半導體業低碳製程技術彙編(108年),compilation,108,35,,半導體業,熱泵熱回收技術（雙效熱泵供製程清洗熱水）,節能,熱泵,,,,已執行,,595,,,,,970729,,,,,,233,,,1 kWh=2.4元計,513,,,,0.528,2.5,,,,
f15c8e9d-p37-1,f15c8e9d-462b-493d-bf14-40724b9f54b2,半導體業低碳製程技術彙編(108年),compilation,108,37,semi-vsdair-370,半導體業,空壓系統節能技術（定頻改變頻空壓機）,節能,動力系統,,,,已執行,,370,,,,"平均每日節省1,881 kWh",686565,,,,,,158,,,1 kWh=2.3元計,380,,,,0.554,2.3,,,,
01d7ad5d-p33-1,01d7ad5d-149d-4013-b521-39a396965b9e,光電業低碳製程技術彙編(109年),compilation,109,33,,光電業,製程冰水系統最佳化,節能,冷卻系統,,,,已執行,,50,,,,節電率約1.79%,850000,,,,,,188,,,1 kWh=2.22元計,432,,,,0.509,0.26,,,,
01d7ad5d-p34-1,01d7ad5d-149d-4013-b521-39a396965b9e,光電業低碳製程技術彙編(109年),compilation,109,34,,光電業,風扇過濾機組（FFU）效率提升（低壓損PTFE HEPA濾網）,節能,空調系統,,,,已執行,,15152,,,"約15,152萬元（玻纖與PTFE材質HEPA之價差）","37,882台FFU，壓損由110 Pa降至40 Pa，節電率約57%",24556627,,,,,,5451,,,1 kWh=2.22元計,12500,,,,0.509,2.78,,,,
01d7ad5d-p36-1,01d7ad5d-149d-4013-b521-39a396965b9e,光電業低碳製程技術彙編(109年),compilation,109,36,,光電業,冷卻水塔扇葉角度最佳化,節能,冷卻系統,,,,已執行,,10,,,,節電率約13.6%,138758,,,,,,30,,,1 kWh=2.2元計,70,,,,0.509,0.33,,,,
01d7ad5d-p38-1,01d7ad5d-149d-4013-b521-39a396965b9e,光電業低碳製程技術彙編(109年),compilation,109,38,,光電業,製程空壓設備群控,節能,動力系統,,,,已執行,,120,,,,"壓縮空氣單位能耗下降1.51%，每日減少3,265 kWh",1191725,,,,,,262,,,1 kWh=2.2元計,606,,,,0.509,0.46,,,,
01d7ad5d-p40-1,01d7ad5d-149d-4013-b521-39a396965b9e,光電業低碳製程技術彙編(109年),compilation,109,40,,光電業,製程乾燥機效能提升（無熱改加熱吸附式乾燥機）,節能,動力系統,,,,已執行,,400,,,,含空壓機能耗整體節能率約67%,1125089,,,,,,281,,,1 kWh=2.5元計,573,,,,0.509,1.42,,,,
01d7ad5d-p43-1,01d7ad5d-149d-4013-b521-39a396965b9e,光電業低碳製程技術彙編(109年),compilation,109,43,,光電業,空壓系統廢熱應用（壓縮熱回收式乾燥機）,節能,餘熱餘能回收,,,,已執行,,1650,,,,節電率約26%,2750000,,,,,,688,,,1 kWh=2.5元計,1400,,,,0.509,2.4,,,,
01d7ad5d-p45-1,01d7ad5d-149d-4013-b521-39a396965b9e,光電業低碳製程技術彙編(109年),compilation,109,45,,光電業,變頻式真空機調載,節能,動力系統,,,,已執行,,237,,,約237萬元（2台變頻式真空機，1用1備）,節電率約14.9%,1261440,,,,,,278,,,1 kWh=2.2元計,642,,,,0.509,0.85,,,,
892d8eb9-p31-1,892d8eb9-13fb-4e7b-8b86-333a328b1509,造紙業低碳製程技術彙編(109年),compilation,109,31,,造紙業,高濃度散漿機技術,製程,造紙製程,,,,已執行,2018,2700,,,"約2,700萬元（高濃度散漿機約1,300萬元，輸送帶、抽漿、儲槽及安裝約1,400萬元）",單位耗電由159降至95 kWh/t，節電率約40.8%,1140480,,,,,,285,,,,608,,,,0.533,9.5,,,,
892d8eb9-p32-1,892d8eb9-13fb-4e7b-8b86-333a328b1509,造紙業低碳製程技術彙編(109年),compilation,109,32,,造紙業,低濃度偏心散漿機技術,製程,造紙製程,,,,已執行,2011,1743,,,,單位耗電由23降至20 kWh/t，節電率約13%,693000,,,,,,173,,,,369,,,,0.533,,,,,原文未列回收年限（約10年）
892d8eb9-p34-1,892d8eb9-13fb-4e7b-8b86-333a328b1509,造紙業低碳製程技術彙編(109年),compilation,109,34,,造紙業,鼓式散漿機技術,製程,造紙製程,,,,已執行,2016,20000,,,"約20,000萬元（鼓式散漿機約5,500萬元，週邊設備及安裝約14,500萬元）",節電率約35%,9600000,,,,,,2400,,,,5116.8,,,,0.533,8.3,,,,
892d8eb9-p36-1,892d8eb9-13fb-4e7b-8b86-333a328b1509,造紙業低碳製程技術彙編(109年),compilation,109,36,,造紙業,高效率篩選機技術,製程,造紙製程,,,,已執行,2017,1362,,,"約1,362萬元（2台篩選機約1,100萬元，其他約262萬元）",節電率約69%,1092960,,,,,,273.2,,,,582.5,,,,0.533,4.99,,,,
892d8eb9-p37-1,892d8eb9-13fb-4e7b-8b86-333a328b1509,造紙業低碳製程技術彙編(109年),compilation,109,37,paper-conical,造紙業,錐形磨漿機技術,製程,造紙製程,,,,已執行,2016,580,,,約580萬元（設備約500萬元、安裝約80萬元）,負載由100 kW降至65 kW，節電率約22%；車速提升50 mpm,420000,,,,,,96.6,,,1 kWh=2.3元計,223.9,,,,0.533,5,,,,
892d8eb9-p40-1,892d8eb9-13fb-4e7b-8b86-333a328b1509,造紙業低碳製程技術彙編(109年),compilation,109,40,,造紙業,紙機蒸汽與冷凝水系統效能提升（熱壓縮機）,節能,熱能系統,,,,已執行,2018,18000,,,"約18,000萬元（熱壓縮機系統約930萬元，附屬設備及管道安裝約17,070萬元）","節省蒸汽約52,800公噸/年、用煤約6,300公噸/年（燃煤約節省23%）",,,52800,,6300,,2520,,,"1噸煤=4,000元計",12978,,,,,7,,,,
892d8eb9-p42-1,892d8eb9-13fb-4e7b-8b86-333a328b1509,造紙業低碳製程技術彙編(109年),compilation,109,42,,造紙業,壓水部效能提升（靴式壓榨）,製程,造紙製程,,,,已執行,2001,12220,,,"約12,220萬元（靴式壓榨約8,485萬元，其他約3,735萬元）","節省蒸汽約15,200公噸/年，節能率約5%",,,15200,,,,942,,,每噸蒸汽620元計,3993,,,,,13,,,,
892d8eb9-p44-1,892d8eb9-13fb-4e7b-8b86-333a328b1509,造紙業低碳製程技術彙編(109年),compilation,109,44,paper-steeldryer,造紙業,鋼製烘缸技術,節能,熱能系統,,,,已執行,2016,3020,,,"約3,020萬元（鋼製烘缸約2,800萬元、安裝約220萬元）","節省用煤約85公噸、電量約1,520,000 kWh；蒸汽節省14.8%、電力3.2%",1520000,,,,85,,366,,,,1026,,,,0.533,7.66,,,,
892d8eb9-p46-1,892d8eb9-13fb-4e7b-8b86-333a328b1509,造紙業低碳製程技術彙編(109年),compilation,109,46,,造紙業,紙機真空系統優化（透平真空泵）,節能,動力系統,,,,已執行,2017,600,,,約600萬元（透平真空泵約530萬元、安裝約70萬元）,節電率約25%~30%,1718600,,,,,,429,,,,916,,,,0.533,1.4,,,,
3265a491-p36-1,3265a491-e8de-49f0-99d3-e8e668d53b2c,低碳生產技術彙編-製程冷卻系統節能技術應用篇(110年),compilation,110,36,,跨產業,製程冰水系統運用AI節能最佳化控制,節能,冷卻系統,,,,已執行,,300,,,,節能率約2.13%,33000000,,,,,,9900,,,電力單價3元/kWh,16566,,,,0.502,0.03,,,,若軟硬體已有相當程度設置且資料可蒐集，回收年限可再降低
3265a491-p44-1,3265a491-e8de-49f0-99d3-e8e668d53b2c,低碳生產技術彙編-製程冷卻系統節能技術應用篇(110年),compilation,110,44,,跨產業,磁懸浮冰機技術及系統改善,節能,冷卻系統,,,,已執行,,1420,,,"約1,420萬元（主體設備約1,200萬元，其中磁懸浮冰機約1,120萬元；其他約220萬元）",系統節能率約58%（磁懸浮冰機64%），冰機效能值由1.058提升至0.378 kW/RT,5181716,,,,,,1202,,,電力單價2.32元/kWh,2601,,,,0.502,1.2,,,,
3265a491-p53-1,3265a491-e8de-49f0-99d3-e8e668d53b2c,低碳生產技術彙編-製程冷卻系統節能技術應用篇(110年),compilation,110,53,,跨產業,永磁聯軸器技術（冷卻水泵）,節能,冷卻系統,,,,已執行,,43,,,,降速16%，節能率約33%,581178,,,,,,134,,,電力單價2.3元/kWh,292,,,,0.502,0.325,,,約3.9月,
3265a491-p56-1,3265a491-e8de-49f0-99d3-e8e668d53b2c,低碳生產技術彙編-製程冷卻系統節能技術應用篇(110年),compilation,110,56,,跨產業,永磁調速器技術（冷卻水塔風扇）,節能,冷卻系統,,,,已執行,,98.4,,,約98.4萬元（主體設備約75萬元，其他約23.4萬元）,降速26.5%，節能率約25.8%,160224,,,,,,36.9,,,電力單價2.3元/kWh,80,,,,0.502,2.7,,,,
3265a491-p61-1,3265a491-e8de-49f0-99d3-e8e668d53b2c,低碳生產技術彙編-製程冷卻系統節能技術應用篇(110年),compilation,110,61,ceramic-pump-134,石化業,陶瓷複合塗料防蝕技術（冷卻水泵浦）,節能,冷卻系統,,,,已執行,,134,,,,泵浦整體效率提升約8%,482000,,,,,,120,,,電力單價2.5元/kWh,242,,,,0.502,1.12,,,,
3265a491-p70-1,3265a491-e8de-49f0-99d3-e8e668d53b2c,低碳生產技術彙編-製程冷卻系統節能技術應用篇(110年),compilation,110,70,,跨產業,冷卻水塔散熱風扇效率提升（碳纖維風扇）,節能,冷卻系統,,,,已執行,,150,,,,節能率約29%,204984,,,,,,45,,,電力單價2.2元/kWh,103,,,,0.502,3.33,,,,
e1610cf0-p46-1,e1610cf0-f4cb-4e53-810e-5a5ce3af5ba0,低碳生產技術彙編-製程餘熱回收技術應用篇(110年),compilation,110,46,,石化業,預熱器餘熱回收技術（燃燒爐）,節能,餘熱餘能回收,,,,已執行,,,,,,"熱回收9,300 kW，約63,984,000,000 kcal/年，節省天然氣7,109,333 m3/年",,,,,,7109333,611,,,以中油天然氣牌價8.6元/m3計算,1504,,,天然氣2.116公噸CO2e/千m3（原文數值）,,,,,,未列投資金額；原文減碳量與節省天然氣量換算不一致，依原文記錄
e1610cf0-p53-1,e1610cf0-f4cb-4e53-810e-5a5ce3af5ba0,低碳生產技術彙編-製程餘熱回收技術應用篇(110年),compilation,110,53,,跨產業,有機朗肯循環（ORC）發電技術,節能,餘熱餘能回收,,,,已執行,,4000,,,"約4,000萬元（主體設備約2,000萬元，其他約2,000萬元）","發電量約4,000,000 kWh/年",4000000,,,,,,880,,,電力單價2.2元/kWh,2008,,,,0.502,4.55,,,,
e1610cf0-p59-1,e1610cf0-f4cb-4e53-810e-5a5ce3af5ba0,低碳生產技術彙編-製程餘熱回收技術應用篇(110年),compilation,110,59,,跨產業,蒸汽壓差發電技術,節能,餘熱餘能回收,,,,已執行,,3000,,,"約3,000萬元（主體設備約1,400萬元，其他約1,600萬元）","發電量約3,200,000 kWh/年",3200000,,,,,,704,,,電力單價2.2元/kWh,1606,,,,0.502,4.26,,,,
e1610cf0-p64-1,e1610cf0-f4cb-4e53-810e-5a5ce3af5ba0,低碳生產技術彙編-製程餘熱回收技術應用篇(110年),compilation,110,64,,跨產業,低壓蒸汽回收/壓力提升技術（熱壓縮機）,節能,餘熱餘能回收,,,,已執行,,182,,,約182萬元（熱壓縮機約82萬元、配管約100萬元，未含蒸汽系統配置）,"回收3.0 kg/cm2低壓蒸汽41,288公噸/年",,,41288,,,,2526,,,,1206,,,燃煤蒸汽排放係數0.292公噸CO2e/公噸,,0.072,,,,
e1610cf0-p71-1,e1610cf0-f4cb-4e53-810e-5a5ce3af5ba0,低碳生產技術彙編-製程餘熱回收技術應用篇(110年),compilation,110,71,,跨產業,吸收式冷凍機技術（回收製程餘熱）,節能,餘熱餘能回收,,,,已執行,,1800,,,"約1,800萬元（主體設備約1,200萬元，其他約600萬元）",,4800000,,,,,,960,,,電力單價2元/kWh,2410,,,,0.502,1.9,,,,
e1610cf0-p78-1,e1610cf0-f4cb-4e53-810e-5a5ce3af5ba0,低碳生產技術彙編-製程餘熱回收技術應用篇(110年),compilation,110,78,,跨產業,熱泵熱回收技術,節能,熱泵,,,,已執行,,300,,,約300萬元（主體設備約180萬元，其他約120萬元）,,790000,,,,,,197.5,,,電力單價2.5元/kWh（未計提供冷能之節能）,397,,,,0.502,1.5,,,,
6e343289-p39-1,6e343289-c322-482a-8e6b-53e20846b650,低碳生產技術彙編-製程動力系統節能技術應用篇(111年),compilation,111,39,,跨產業,永磁馬達技術,節能,動力系統,,東元電機,,已執行,,6.3,,,單台22 kW設備價格約6.3萬元,節能率約9%,12579,,,,,,3.79,,,電力單價3.02元/kWh,6.4,,,,0.509,1.7,,,,一般回收年限約1.5~2年
6e343289-p46-1,6e343289-c322-482a-8e6b-53e20846b650,低碳生產技術彙編-製程動力系統節能技術應用篇(111年),compilation,111,46,,跨產業,製程空壓節能技術（螺旋式雙段壓縮）,節能,動力系統,,,,已執行,,470,,,約470萬元（主體設備約350萬元，其他約120萬元）,節能率約15.5%,331216,,,,,,96,,,電力單價2.9元/kWh,168.6,,,,0.509,4.9,,,,
6e343289-p54-1,6e343289-c322-482a-8e6b-53e20846b650,低碳生產技術彙編-製程動力系統節能技術應用篇(111年),compilation,111,54,,電子零組件業,氣浮式鼓風機技術（PCB業）,節能,動力系統,,,,已執行,,75,70,80,,節能率約24%,85848,,,,,,25.8,,,電力單價3元/kWh,43.7,,,,0.509,2.5,2,3,,
6e343289-p58-1,6e343289-c322-482a-8e6b-53e20846b650,低碳生產技術彙編-製程動力系統節能技術應用篇(111年),compilation,111,58,,造紙業,氣浮式鼓風機技術（造紙業）,節能,動力系統,,,,已執行,,375,350,400,,節能率約27%,1454160,,,,,,436,,,電力單價3.0元/kWh,740,,,,0.509,1,,,,
6e343289-p69-1,6e343289-c322-482a-8e6b-53e20846b650,低碳生產技術彙編-製程動力系統節能技術應用篇(111年),compilation,111,69,,跨產業,製程真空節能技術（永磁變頻微油螺旋式真空泵）,節能,動力系統,,,,已執行,,450,,,,節能率約45%,896148,,,,,,260,,,電力單價2.9元/kWh,456,,,,0.509,1.7,,,,
6e343289-p79-1,6e343289-c322-482a-8e6b-53e20846b650,低碳生產技術彙編-製程動力系統節能技術應用篇(111年),compilation,111,79,,光電業,壓縮機葉輪改善技術（面板業，鈦合金葉輪）,節能,動力系統,,克瑪里能源科技,,已執行,,250,,,,整體系統耗電降低約10%,363720,,,,,,105,,,電力單價2.9元/kWh,185,,,,0.509,2.4,,,,
6e343289-p83-1,6e343289-c322-482a-8e6b-53e20846b650,低碳生產技術彙編-製程動力系統節能技術應用篇(111年),compilation,111,83,,石化業,壓縮機葉輪改善技術（石化業）,節能,動力系統,,克瑪里能源科技,,已執行,,1000,,,,機組效率提升約12%,2255904,,,,,,654,,,電力單價2.9元/kWh,1148,,,,0.509,1.5,,,,本案例將節能效率用於產生更多風量，提升約12%產能
6e343289-p93-1,6e343289-c322-482a-8e6b-53e20846b650,低碳生產技術彙編-製程動力系統節能技術應用篇(111年),compilation,111,93,,跨產業,動能回收發電技術（管末餘壓發電）,節能,餘熱餘能回收,,源達機電科技,,已執行,,910,,,,發電量約72~104.8萬kWh/年,884000,1048000,,,,,256.5,209,304,電力單價2.9元/kWh,44.5,36,53,,0.509,3.7,3,4.4,,原文減碳量36~53公噸與發電量×係數不一致，依原文記錄
8ae9a1ca-p33-1,8ae9a1ca-9f82-476c-987b-f765ef6405d7,石化業低碳生產技術彙編(112年),compilation,112,33,,石化業,螺旋式阻流板熱交換技術,節能,餘熱餘能回收,,,,已執行,,8000,,,,"節省蒸汽約9,550公噸/年、節電約4,243,714 kWh/年（入料量95.5公噸/小時）",4243714,,9550,,,,1732,,,蒸汽單價880元/公噸、電力單價2.1元/kWh,5283,,,,0.495,4.6,,,,
8ae9a1ca-p37-1,8ae9a1ca-9f82-476c-987b-f765ef6405d7,石化業低碳生產技術彙編(112年),compilation,112,37,,石化業,殼板式熱交換技術,節能,餘熱餘能回收,,,,已執行,,578,,,,"節省蒸汽約21,224公噸/年，節能率約61%",,,21224,,,,2063,,,蒸汽單價972元/公噸,5883,,,蒸汽排碳係數0.2772公噸CO2e/公噸,,0.3,,,,
8ae9a1ca-p43-1,8ae9a1ca-9f82-476c-987b-f765ef6405d7,石化業低碳生產技術彙編(112年),compilation,112,43,,石化業,機械式蒸汽再壓縮（MVR）技術,節能,熱泵,,,,已執行,,4600,,,"約4,600萬元（主體設備約4,400萬元，其他約200萬元）","節約蒸汽約22,975公噸/年；增加用電約927,200 kWh/年",-927200,,22975,,,,1395,,,蒸汽單價700元/公噸；電力單價2.3元/kWh,4088,,,,0.495,3.3,,,,
8ae9a1ca-p48-1,8ae9a1ca-9f82-476c-987b-f765ef6405d7,石化業低碳生產技術彙編(112年),compilation,112,48,,石化業,永磁聯軸器（PMC）傳動技術,節能,動力系統,,,,已執行,,100,,,,節能率約7.5%,113065,,,,,,36,,,電力單價3.15元/kWh,56,,,,0.495,3,,,,
8ae9a1ca-p55-1,8ae9a1ca-9f82-476c-987b-f765ef6405d7,石化業低碳生產技術彙編(112年),compilation,112,55,,石化業,3D葉輪泵,節能,動力系統,,,,已執行,,80,,,約80萬元（高效率泵浦50萬元，其他約30萬元）,節能率約45.5%,565560,,,,,,141,,,電力單價2.5元/kWh,280,,,,0.495,0.6,,,,
8ae9a1ca-p62-1,8ae9a1ca-9f82-476c-987b-f765ef6405d7,石化業低碳生產技術彙編(112年),compilation,112,62,,石化業,吸收式冷凍機（回收餘熱）,節能,餘熱餘能回收,,,,已執行,,1300,,,"約1,300萬元（主體設備約1,000萬元，其他約300萬元）",,1665684,,,,,,450,,,電力單價2.7元/kWh,825,,,,0.495,2.9,,,,
8ae9a1ca-p68-1,8ae9a1ca-9f82-476c-987b-f765ef6405d7,石化業低碳生產技術彙編(112年),compilation,112,68,,石化業,空氣懸浮式鼓風機,節能,動力系統,,,,已執行,,150,,,,節能率約42.2%,129147,,,,,,38.7,,,電力單價3元/kWh,64,,,,0.495,4,,,,
8ae9a1ca-p74-1,8ae9a1ca-9f82-476c-987b-f765ef6405d7,石化業低碳生產技術彙編(112年),compilation,112,74,petchem-orc-670,石化業,有機朗肯循環（ORC）發電技術,節能,餘熱餘能回收,,,,已執行,,670,,,約670萬元（僅設備費用，不含電纜線）,"發電量約1,012,800 kWh/年",1012800,,,,,,211,,,電力單價2.085元/kWh,501,,,,0.495,3.2,,,,
8ae9a1ca-p80-1,8ae9a1ca-9f82-476c-987b-f765ef6405d7,石化業低碳生產技術彙編(112年),compilation,112,80,petchem-steamdiff-2258,石化業,蒸汽壓差發電技術,節能,餘熱餘能回收,,,,已執行,,2258,,,,"發電量約748,400 kWh/年（年運轉4,000小時）",748400,,,,,,165,,,電力單價2.2元/kWh,370,,,,0.495,13.7,,,,
8ae9a1ca-p86-1,8ae9a1ca-9f82-476c-987b-f765ef6405d7,石化業低碳生產技術彙編(112年),compilation,112,86,petchem-coil-15000,石化業,纏繞管熱交換技術,節能,餘熱餘能回收,台塑企業,,,已執行,,15000,,,約430萬美元，約新台幣1.5億元（含修改鋼構及配管）,"節省41K蒸汽約16,800公噸/年（約18%）、燃氣約3,440公噸/年（約57%）",,,16800,,,,5209,,,"41K蒸汽951元/公噸、燃氣10,500元/公噸",14109,,,,,2.9,,,,
8ae9a1ca-p93-1,8ae9a1ca-9f82-476c-987b-f765ef6405d7,石化業低碳生產技術彙編(112年),compilation,112,93,petchem-ceramic-810,石化業,高溫陶瓷保溫塗料,節能,保溫隔熱,台塑企業,,,已執行,,810,,,,"節省燃料油約2,162公秉/年",,,,,,,2863,,,"蒸汽893元/公噸、燃油19,850元/公秉",1880,,,,,0.28,,,,
8ae9a1ca-p101-1,8ae9a1ca-9f82-476c-987b-f765ef6405d7,石化業低碳生產技術彙編(112年),compilation,112,101,petchem-cfan-180,石化業,冷卻水塔散熱風扇效率提升（碳纖維風扇）,節能,冷卻系統,台塑企業,,,已執行,,180,,,碳纖維風扇約180萬元（玻璃纖維風扇組約110萬元，價差約70萬元）,,154176,,,,,,31,,,電力單價2.0元/kWh,76,,,,0.495,5.8,,,,以價差70萬元計之回收年限約2.3年
8ae9a1ca-p105-1,8ae9a1ca-9f82-476c-987b-f765ef6405d7,石化業低碳生產技術彙編(112年),compilation,112,105,petchem-co2-150000,石化業,CO2再利用技術（回收CO2製CO生產醋酸）,其他,CCUS,長春石油化學,,,已執行,,,,,,醋酸廠每年回收15萬公噸CO2作為CO原料（跨公司整合）,,,,,,,,,,,150000,,,,,,,,,無投資與回收年限資料
d3cc0e93-p38-1,d3cc0e93-5cca-4754-ae7e-bc416694f847,紡織業低碳生產技術彙編(113年),compilation,113,38,,紡織業,高溫圓型低浴比染色機,製程,紡織染整製程,,,,已執行,,3800,,,"約3,800萬元（主體設備約3,040萬元，其他土木、管材閥件、電力供應、安裝工程約760萬元）",4台600 kg浴比1:12染色機汰換為8台250 kg浴比1:6；節煤894公噸/年，節能率約52%,,,,,894,,420,,,"以113年煤炭單價4,690元/公噸計算",2154,,,"燃料煤2,408 kgCO2e/公噸",,9.1,,,,
d3cc0e93-p45-1,d3cc0e93-5cca-4754-ae7e-bc416694f847,紡織業低碳生產技術彙編(113年),compilation,113,45,,紡織業,定型機餘熱回收,節能,餘熱餘能回收,,,,已執行,,97,,,,"9台定型機節省天然氣303,401 m3/年，平均熱回收效率約39%",,,,,,303401,375,,,以天然氣(2)單價12.3732元/m3計算,570,,,天然氣排放係數1.879 tCO2e/千m3,,0.3,,,,
d3cc0e93-p53-1,d3cc0e93-5cca-4754-ae7e-bc416694f847,紡織業低碳生產技術彙編(113年),compilation,113,53,,紡織業,貫流式蒸汽鍋爐搭載台數控制（重油改天然氣）,燃料,燃料轉換,,,,已執行,,950,,,約950萬元（鍋爐加附屬設備、安裝工程、舊有鍋爐拆除等）,"系統效率由83.1%提升至92.4%；減少重油1,037.2 kL/年，增加天然氣1,244.6千m3/年",,,,,,,643,,,"以輕裂燃料油21,048元/kL及天然氣12.3732元/m3計算",888,,,,,1.5,,,,
d3cc0e93-p59-1,d3cc0e93-5cca-4754-ae7e-bc416694f847,紡織業低碳生產技術彙編(113年),compilation,113,59,,紡織業,紡絲冷卻環吹系統（側吹改環吹）,製程,紡織染整製程,,,,已執行,,600,,,約600萬元（主體設備約576萬元，其他約24萬元）,24台送風機由23 kW降至13 kW，節能率約43%,2102400,,,,,,526,,,以電力單價2.5元/kWh計算,1039,,,,0.494,1.1,,,,
d3cc0e93-p68-1,d3cc0e93-5cca-4754-ae7e-bc416694f847,紡織業低碳生產技術彙編(113年),compilation,113,68,,紡織業,磁懸浮無油變頻離心冰水主機,節能,冷卻系統,,,,已執行,,1500,,,"約1,500萬元（主體設備約1,100萬元，其他約400萬元）",節能率約21%,1185771,,,,,,273,,,以電力單價2.3元/kWh計算,586,,,,0.494,5.5,,,,
d3cc0e93-p77-1,d3cc0e93-5cca-4754-ae7e-bc416694f847,紡織業低碳生產技術彙編(113年),compilation,113,77,,紡織業,螺桿式水蒸汽壓縮熱泵系統,節能,熱泵,,,,已執行,,5400,,,"約5,400萬元（主體設備約4,050萬元，其他約1,350萬元）",節能率約85%,50263840,,,,,,13571,,,以電力單價2.7元/kWh計算,24830,,,,0.494,0.4,,,,
d3cc0e93-p86-1,d3cc0e93-5cca-4754-ae7e-bc416694f847,紡織業低碳生產技術彙編(113年),compilation,113,86,,紡織業,高效率螺旋式鼓風機,節能,動力系統,,,,已執行,,250,,,約250萬元（主體設備約180萬元，其他約70萬元）,節能率約55%,557136,,,,,,139,,,以電力單價2.5元/kWh計算,275,,,,0.494,1.8,,,,
d3cc0e93-p96-1,d3cc0e93-5cca-4754-ae7e-bc416694f847,紡織業低碳生產技術彙編(113年),compilation,113,96,textile-absorb-2800,紡織業,吸收式冷凍機（回收製程餘熱）,節能,餘熱餘能回收,,,,已執行,,2800,,,,,4661196,,,,,,932,,,以電力單價2元/kWh計算,2303,,,,0.494,3,,,,
d3cc0e93-p103-1,d3cc0e93-5cca-4754-ae7e-bc416694f847,紡織業低碳生產技術彙編(113年),compilation,113,103,textile-fan-34,紡織業,高效率軸流風扇,節能,動力系統,,,,已執行,,34,,,,節能率約25%,70180,,,,,,16.6,,,以電力單價2.36元/kWh計算,35,,,,0.494,2.1,,,,
d3cc0e93-p112-1,d3cc0e93-5cca-4754-ae7e-bc416694f847,紡織業低碳生產技術彙編(113年),compilation,113,112,textile-induction-392,紡織業,電磁式加熱技術,燃料,電氣化,,,,已執行,,392,,,,節能率約42%,529632,,,,,,127,,,以電力單價2.4元/kWh計算,262,,,,0.494,3.1,,,,
d3cc0e93-p120-1,d3cc0e93-5cca-4754-ae7e-bc416694f847,紡織業低碳生產技術彙編(113年),compilation,113,120,textile-lowliquor-2086,紡織業,低浴比染機改善,製程,紡織染整製程,,,,已執行,,2086,,,,"節電480,978 kWh/年、節煤約969公噸/年",480978,,,,969,,387,,,"電力單價2.8元/kWh；煤2,600元/公噸",2446,,,,0.494,5.4,,,,回收年限未含節水、減少助劑、廢水量與維修等效益
d3cc0e93-p127-1,d3cc0e93-5cca-4754-ae7e-bc416694f847,紡織業低碳生產技術彙編(113年),compilation,113,127,textile-tenter-800,紡織業,定型機天然氣燃燒機（重油改天然氣）,燃料,燃料轉換,,,,已執行,,800,,,,"減少重油約437,832 L/年；增加天然氣約253,668 m3/年",,,,,,,498,,,,885,,,,,2.5,,,,
83015880-p80-1,83015880-9e54-43e1-b52e-ed5f30ea521c,造紙產業減碳技術案例彙編(114年),compilation,114,80,,造紙業,多盤式過濾機（白水纖維回收）,製程,造紙製程,榮成紙業,,,已執行,,1150,800,1500,"約800萬元至1,500萬元（依規格與流量而定）","單台每年可減少50,000至70,000 kWh（24小時運轉）；白水纖維回收率可提升至80至90%",60000,70000,,,,,518,415,621,原料纖維回收300~400萬元/年、電費15~21萬元/年、減少停機維護100~200萬元/年,28,23,33,,,2.45,1.3,3.6,,附加效益：降低單位用水量、減少污泥外運量與處理費
83015880-p84-1,83015880-9e54-43e1-b52e-ed5f30ea521c,造紙產業減碳技術案例彙編(114年),compilation,114,84,,造紙業,熱分散系統,製程,造紙製程,榮成紙業,,,已執行,,2250,1500,3000,"約1,500至3,000萬元（依處理量與配置而定）",降低化學藥劑使用、減少纖維流失、優化蒸汽用量,,,,,,,900,700,1100,減少報廢損失500~800萬元/年、減少停機與維護200~300萬元/年,,,,,,2.85,1.4,4.3,,未量化減碳量
83015880-p87-1,83015880-9e54-43e1-b52e-ed5f30ea521c,造紙產業減碳技術案例彙編(114年),compilation,114,87,,造紙業,稀釋水頭箱,製程,造紙製程,中華紙漿,,,已執行,,5868.4,,,"改善專案（含壓榨部與毛毯部）總經費約2.64億元，其中稀釋水頭箱約5,868.4萬元",有效提升抄紙機運轉性，降低單位能源耗用,,,,,,,,,,,,,,,,,,,,未量化節能量與回收年限
83015880-p92-1,83015880-9e54-43e1-b52e-ed5f30ea521c,造紙產業減碳技術案例彙編(114年),compilation,114,92,,造紙業,多烘缸的烘缸罩通風系統（含餘熱回收）,節能,熱能系統,榮成紙業,,,已執行,,2750,2000,3500,"約2,000至3,500萬元（依罩體長度、系統配置與熱回收規模而定）","蒸汽單耗降低8~12%，年產10萬公噸紙每年可省蒸汽約15,000~20,000公噸；餘熱回收另省1,500~2,000公噸蒸汽當量",,,17500,,,,2310,1980,2640,"以1,200元/公噸蒸汽計",5250,4500,6000,蒸汽排放係數0.27公噸CO2e/公噸,,1.3,0.8,1.8,,
83015880-p94-1,83015880-9e54-43e1-b52e-ed5f30ea521c,造紙產業減碳技術案例彙編(114年),compilation,114,94,,造紙業,揚基烘缸的烘缸罩通風系統,節能,熱能系統,,,,已執行,,2000,,,,每公噸紙減少耗電約48 kWh、耗汽約0.3公噸；淨減少用電100 kW,,,,,,,600,,,,,,,每公噸紙可降減碳排放約0.1公噸CO2e,,3.33,,,,
83015880-p99-1,83015880-9e54-43e1-b52e-ed5f30ea521c,造紙產業減碳技術案例彙編(114年),compilation,114,99,,造紙業,紙機傳動系統改造（DC馬達改AC馬達）,節能,動力系統,正隆,,,已執行,,1550,,,,"節省電力529,634 kWh/年（減少67 kW）；故障次數由5年47次降為3次",529634,,,,,,647.8,,,節省電費222.4萬元/年＋維修與停機損失425.3萬元/年,251,,,,0.474,2.4,,,,
83015880-p108-1,83015880-9e54-43e1-b52e-ed5f30ea521c,造紙產業減碳技術案例彙編(114年),compilation,114,108,,造紙業,靴壓在衛生紙機的應用,製程,造紙製程,Sofidel,Valmet,Y,已執行,,6375,,,"6,375萬元（以紙幅5,600 mm為例）",壓榨乾度提高7%，乾燥能耗（蒸汽）減少25%；產品碳排放強度減少15.7%,,,,,,,2337.5,2125,2550,,,,,,,2.75,2.5,3,,
83015880-p114-1,83015880-9e54-43e1-b52e-ed5f30ea521c,造紙產業減碳技術案例彙編(114年),compilation,114,114,,造紙業,磁懸浮透平真空泵（文化用紙廠，16台水環式泵改6台）,節能,動力系統,中華紙漿,,,已執行,,7697,,,"設備3,420萬元、機械工程576萬元、電氣工程2,756萬元、儀錶工程249萬元、土建工程696萬元","節能1,475 kW（節能率60.5%），年節電11,800,000度",11800000,,,,,,4073,,,以114年台電平均電價3.4518元/度計,5593.2,,,,0.474,1.89,,,,
83015880-p117-1,83015880-9e54-43e1-b52e-ed5f30ea521c,造紙產業減碳技術案例彙編(114年),compilation,114,117,,造紙業,磁懸浮透平真空泵（工業用紙廠）,節能,動力系統,,,,已執行,,7000,,,"設備3,000萬、機電工程3,000萬、土建工程1,000萬","節能550 kW（節能率24.4%），年節電4,400,000度",4400000,,,,,,1519,,,,2086,,,,0.474,4.61,,,,
83015880-p119-1,83015880-9e54-43e1-b52e-ed5f30ea521c,造紙產業減碳技術案例彙編(114年),compilation,114,119,,造紙業,薄膜式上膠轆（取代槽底式）,製程,造紙製程,,,,已執行,,2750,2000,3500,"約2,000至3,500萬元（依紙機寬度、速度及自動化程度而定）",乾燥蒸汽由1.078降至1.002公噸蒸汽/公噸紙；車速由700提高至750 m/min,,,,,,,725,650,800,蒸汽節省550~650萬元/年、化學藥品節省100~150萬元/年,,,,,,3.95,2.5,5.4,,
83015880-p122-1,83015880-9e54-43e1-b52e-ed5f30ea521c,造紙產業減碳技術案例彙編(114年),compilation,114,122,,造紙業,鍋爐固體再生燃料（SRF）替代燃煤,燃料,替代燃料,正隆,,,已執行,,17000,,,,"燃煤年用量由43,675公噸降至8,735公噸，改用SRF 39,475公噸",,,,,,,4846,,,"煤炭單價3,703元、SRF單價2,050元",4303,,,,,3.5,,,,
83015880-p125-1,83015880-9e54-43e1-b52e-ed5f30ea521c,造紙產業減碳技術案例彙編(114年),compilation,114,125,,造紙業,SRF汽電共生系統,燃料,替代燃料,正隆,,,已執行,,270000,,,,"煤炭年節省34,940公噸",,,,,,,5646,,,"節煤20,265萬元＋碳費129萬元，扣除利息4%（10,800萬元）及SRF燃料成本3,948萬元",4303,,,,,47.8,,,,投資金額為整座汽電共生廠，回收年限長
83015880-p127-1,83015880-9e54-43e1-b52e-ed5f30ea521c,造紙產業減碳技術案例彙編(114年),compilation,114,127,,造紙業,SRF汽電共生系統木屑投料口改造,燃料,替代燃料,正隆,,,已執行,,30,,,,"木屑1,800公噸/月取代燃煤，每月節省633公噸煤炭",,,,,,,4263,,,"節煤4,406萬元＋碳費614萬元，扣除木屑成本756萬元",20456,,,,,0.007,,,,
83015880-p130-1,83015880-9e54-43e1-b52e-ed5f30ea521c,造紙產業減碳技術案例彙編(114年),compilation,114,130,,造紙業,燃煤鍋爐更換為天然氣鍋爐,燃料,燃料轉換,永豐餘消費品實業,,,規劃中,,,,,,以固定熱值比較，天然氣較煤炭碳排放減少約40.7%,,,,,,,,,,,,,,,,,,,,天然氣產汽燃料成本約為燃煤的4.39倍，暫無投資成本資料
83015880-p138-1,83015880-9e54-43e1-b52e-ed5f30ea521c,造紙產業減碳技術案例彙編(114年),compilation,114,138,,造紙業,廢水厭氧單元沼氣發電再利用（含綠能鍋爐）,其他,再生能源,正隆,,,已執行,,16000,,,,"年發電12,556千度；綠能鍋爐年產蒸汽8,000公噸",12556000,,,,,,5004,,,"售電6,504萬元/年扣除維護費1,500萬元/年",12410,,,"減少外購電力10,346 tCO2e＋減少外購蒸汽2,064 tCO2e（案例廠外購電力係數0.824）",0.824,3.2,,,,
83015880-p141-1,83015880-9e54-43e1-b52e-ed5f30ea521c,造紙產業減碳技術案例彙編(114年),compilation,114,141,,造紙業,全焊可拆式板式熱交換器（污凝結水預熱餘熱回收）,節能,餘熱餘能回收,印尼紙漿廠,Alfa Laval,Y,已執行,,14200,,,"約400萬歐元（約14,200萬元新台幣）","能源年節省量197,760 MWh",,,,,,,28113,,,"年營運成本節省7,910,300歐元",35597,,,,0.18,0.51,,,,
ee439f6b-p11-1,ee439f6b-4e8c-4260-9c6b-640e6525384a,能源密集產業低碳製程典範案例彙編-水泥業(106年),model_case,106,11,,水泥業,餘熱發電AQC鍋爐爐管更新（微創手術）,節能,餘熱餘能回收,台灣水泥 花蓮廠,,,已執行,,,,,,噸熟料淨發電量由15.75提升至23.42 kWh,,,,,,,,,,,,,,,,1.04,,,約13個月,
ee439f6b-p17-1,ee439f6b-4e8c-4260-9c6b-640e6525384a,能源密集產業低碳製程典範案例彙編-水泥業(106年),model_case,106,17,,水泥業,旋窯呼吸控制（SC擋板操控）,節能,燃燒系統,台灣水泥 和平廠,,,已執行,,,,,,"單位熟料耗熱由690.958/690.808降至666.331/661.509百萬卡/噸，減少煤炭21,167噸",,,,,21167,,,,,,53658,,,,,,,,,
ee439f6b-p22-1,ee439f6b-4e8c-4260-9c6b-640e6525384a,能源密集產業低碳製程典範案例彙編-水泥業(106年),model_case,106,22,,水泥業,窯預熱機上升風道燃燒效率改善,節能,燃燒系統,亞洲水泥 花蓮廠,,,已執行,,,,,,"單位熟料耗熱由850降至826 Mcal/公噸，節省煤炭4,958公噸",,,,,4958,,,,,,11939,,,,,,,,,
ee439f6b-p24-1,ee439f6b-4e8c-4260-9c6b-640e6525384a,能源密集產業低碳製程典範案例彙編-水泥業(106年),model_case,106,24,,水泥業,窯主馬達增速與控制（薄料快燒）,節能,燃燒系統,亞洲水泥 花蓮廠,,,已執行,,1671,,,,"每噸熟料耗熱由820降至803 kcal，節省煤炭約3,500公噸",,,,,3500,,,,,,8000,,,,,2,,,,
ee439f6b-p25-1,ee439f6b-4e8c-4260-9c6b-640e6525384a,能源密集產業低碳製程典範案例彙編-水泥業(106年),model_case,106,25,,水泥業,窯冷卻機更新（推棍式固定爐排＋MFR）,節能,餘熱餘能回收,亞洲水泥 花蓮廠,,,已執行,,103800,,,第一套窯4.98億元、第二套窯5.4億元,"年用煤量節省21,949噸",,,,,21949,,,,,,62330,,,,,,,,,第一套窯約14年回收、第二套約5年回收
ee439f6b-p32-1,ee439f6b-4e8c-4260-9c6b-640e6525384a,能源密集產業低碳製程典範案例彙編-水泥業(106年),model_case,106,32,,水泥業,旋窯窯尾氣封改善,節能,保溫隔熱,潤泰精密材料 冬山廠,,,已執行,,502.9,,,,"節省燃煤3,687.5公噸/年",,,,,3687.5,,1556.5,,,,9200,,,,,0.3,,,,
ee439f6b-p34-1,ee439f6b-4e8c-4260-9c6b-640e6525384a,能源密集產業低碳製程典範案例彙編-水泥業(106年),model_case,106,34,,水泥業,新懸浮式預熱系統優化（NSP改RSP）,製程,水泥製程,潤泰精密材料 冬山廠,,,已執行,,,,,,"熟料耗熱由970降至820 kcal/kg-cl，產能由日產3,000提升至3,200公噸；節省燃煤5,167公噸及電4,127,571度",4127571,,,,5167,,,,,,,,,,,,,,,
ee439f6b-p35-1,ee439f6b-4e8c-4260-9c6b-640e6525384a,能源密集產業低碳製程典範案例彙編-水泥業(106年),model_case,106,35,,水泥業,生料庫拌料系統改體外循環,節能,動力系統,潤泰精密材料 冬山廠,,,已執行,,,,,,,1248300,,,,,,,,,,659,,,,,,,,,
ee439f6b-p39-1,ee439f6b-4e8c-4260-9c6b-640e6525384a,能源密集產業低碳製程典範案例彙編-水泥業(106年),model_case,106,39,,水泥業,事業廢棄物替代原料（氟化鈣污泥）,製程,原料替代,台灣水泥 蘇澳廠,,,已執行,,350,,,前處理設備約300~400萬元,半導體與光電業氟化鈣污泥作為水泥替代原料,,,,,,,,,,,,,,,,,,,,循環經濟案例，未計減碳
3e79c97c-p8-1,3e79c97c-54ca-49a8-bc82-4ce8d9e2590a,能源密集產業低碳製程典範案例彙編-造紙業(107年),model_case,107,8,,造紙業,蒸解DDS改造熱回收（取代蒸煮直接噴汽）,製程,造紙製程,中華紙漿 花蓮廠,,,已執行,,,,,,"每年節省電力2,031千度、燃料油5,350公秉",2031000,,,5350,,,,,,,17859,,,,,,,,,
3e79c97c-p10-1,3e79c97c-54ca-49a8-bc82-4ce8d9e2590a,能源密集產業低碳製程典範案例彙編-造紙業(107年),model_case,107,10,,造紙業,石灰窯燒氫氣再利用（電解副產氫）,燃料,氫能,中華紙漿 花蓮廠,,,已執行,,,,,,氫氣188.96萬立方米（約182.8公噸）取代燃料油約436.3 kL,,,,436.3,,,,,,,,,,,,,,,,
3e79c97c-p11-1,3e79c97c-54ca-49a8-bc82-4ce8d9e2590a,能源密集產業低碳製程典範案例彙編-造紙業(107年),model_case,107,11,,造紙業,RB-3智慧型吹灰系統改善,節能,熱能系統,中華紙漿 花蓮廠,,,已執行,,,,,,"每年節省蒸汽約33,789噸，約當重油2,158 kL",,,33789,2158,,,,,,,,,,,,,,,,
3e79c97c-p15-1,3e79c97c-54ca-49a8-bc82-4ce8d9e2590a,能源密集產業低碳製程典範案例彙編-造紙業(107年),model_case,107,15,,造紙業,BFB鍋爐多元性燃料混燒（污泥）,燃料,替代燃料,正隆 竹北廠,,,已執行,,,,,,"全年混燒污泥約8,000噸",,,,,,,2300,,,"節省污泥處理費用約2,300萬元/年",,,,,,,,,,
3e79c97c-p17-1,3e79c97c-54ca-49a8-bc82-4ce8d9e2590a,能源密集產業低碳製程典範案例彙編-造紙業(107年),model_case,107,17,,造紙業,氣浮式曝氣機（取代沉水式曝氣機）,節能,動力系統,正隆 竹北廠,,,已執行,,,,,,用電降低103萬度/年，耗電降低約30%,1030000,,,,,,198,,,,,,,,,,,,,
3e79c97c-p21-1,3e79c97c-54ca-49a8-bc82-4ce8d9e2590a,能源密集產業低碳製程典範案例彙編-造紙業(107年),model_case,107,21,,造紙業,太陽光電系統（212.16 kWp）,其他,再生能源,榮成紙業 二林廠,,,已執行,2016,,,,,至2017年累計發電121.74千度,121740,,,,,,60,,,,64.4,,,,,,,,,
3e79c97c-p24-1,3e79c97c-54ca-49a8-bc82-4ce8d9e2590a,能源密集產業低碳製程典範案例彙編-造紙業(107年),model_case,107,24,,造紙業,紙機蒸汽與冷凝水系統升級（熱壓縮機）,節能,熱能系統,榮成紙業 二林廠,,,已執行,,,,,,"減少煤炭用量3,564公噸/年",,,,,3564,,,,,,8647,,,,,,,,,
3e79c97c-p25-1,3e79c97c-54ca-49a8-bc82-4ce8d9e2590a,能源密集產業低碳製程典範案例彙編-造紙業(107年),model_case,107,25,,造紙業,紙機真空透平風機（取代水環真空泵）,節能,動力系統,榮成紙業 二林廠,,,已執行,,,,,,耗電由715.8降至421 kW/H，節電25%以上,1718000,,,,,,,,,,1241,,,,,,,,,
3e79c97c-p27-1,3e79c97c-54ca-49a8-bc82-4ce8d9e2590a,能源密集產業低碳製程典範案例彙編-造紙業(107年),model_case,107,27,,造紙業,紙機烘缸帆布高壓清洗機,製程,造紙製程,榮成紙業 二林廠,,,已執行,,,,,,減少煤炭用量14.5公噸/年,,,,,14.5,,,,,,30,,,,,,,,,
3e79c97c-p31-1,3e79c97c-54ca-49a8-bc82-4ce8d9e2590a,能源密集產業低碳製程典範案例彙編-造紙業(107年),model_case,107,31,,造紙業,汽電組煙氣餘熱回收改善,節能,餘熱餘能回收,中華紙漿 久堂廠,,,已執行,,2300,,,,排煙溫度由155.6℃降至135℃以下（廢熱回收20℃）,,,,,,,,,,,4300,,,,,,,,,
3e79c97c-p32-1,3e79c97c-54ca-49a8-bc82-4ce8d9e2590a,能源密集產業低碳製程典範案例彙編-造紙業(107年),model_case,107,32,,造紙業,紙機壓榨部脫水改善（刮刀與盛水盤）,製程,造紙製程,中華紙漿 久堂廠,,,已執行,,862,,,,壓榨後乾燥度增加1~3%，每年節電58萬kWh,580000,,,,,,,,,,320,,,,,0.9,,,投資回收期不到一年,
3e79c97c-p34-1,3e79c97c-54ca-49a8-bc82-4ce8d9e2590a,能源密集產業低碳製程典範案例彙編-造紙業(107年),model_case,107,34,,造紙業,高濃度散漿機,製程,造紙製程,中華紙漿 久堂廠,,,已執行,,870,,,,每噸能耗由316.1降至31.3 kWh,1000000,,,,,,,,,,540,,,,,,,,,
3e79c97c-p40-1,3e79c97c-54ca-49a8-bc82-4ce8d9e2590a,能源密集產業低碳製程典範案例彙編-造紙業(107年),model_case,107,40,,造紙業,紙機塗佈棒刀改造,製程,造紙製程,正隆 后里廠,,,已執行,2014,2100,,,,紙機蒸汽用量降低0.25噸/噸，年產25萬噸每年減少6.25萬噸蒸汽,,,62500,,,,,,,,,,,,,,,,,
3e79c97c-p41-1,3e79c97c-54ca-49a8-bc82-4ce8d9e2590a,能源密集產業低碳製程典範案例彙編-造紙業(107年),model_case,107,41,,造紙業,立式粗篩機取代臥式粗篩機,製程,造紙製程,正隆 后里廠,,,已執行,2016,240,,,,,,,,,,,,,,,1098,,,,,,,,,
3e79c97c-p49-1,3e79c97c-54ca-49a8-bc82-4ce8d9e2590a,能源密集產業低碳製程典範案例彙編-造紙業(107年),model_case,107,49,paper-steeldryer,造紙業,紙機更換鋼製烘缸,節能,熱能系統,永豐餘 清水廠,,,已執行,,,,,,"一年用電量降減1,520千度、用煤量降減850噸",1520000,,,,850,,365.7,,,,1018,,,,,,,,,
3e79c97c-p50-1,3e79c97c-54ca-49a8-bc82-4ce8d9e2590a,能源密集產業低碳製程典範案例彙編-造紙業(107年),model_case,107,50,paper-conical,造紙業,錐形磨漿機（1台取代2台盤式）,製程,造紙製程,永豐餘 清水廠,,,已執行,,,,,,,420000,,,,,,96.6,,,,221.76,,,,,,,,,
77f0d669-p9-1,77f0d669-a77c-44cb-b994-41a89d12816f,能源密集產業低碳製程典範案例彙編-鋼鐵業(107年),model_case,107,9,,鋼鐵業,二號高爐提高頂壓增加TRT發電量,節能,餘熱餘能回收,中國鋼鐵,,,已執行,,,,,,TRT發電量由239提升至285 MWH/日,16560000,,,,,,,,,,8942,,,,,,,,,
77f0d669-p10-1,77f0d669-a77c-44cb-b994-41a89d12816f,能源密集產業低碳製程典範案例彙編-鋼鐵業(107年),model_case,107,10,,鋼鐵業,高爐爐頂均壓氣體回收（TGRS）,節能,餘熱餘能回收,中國鋼鐵,,,已執行,,8988,,,,"每年回收BFG 13,026 KNm3，節能1,120 KLOE",,,,,,,466,,,,11000,,,,,20,,,,
77f0d669-p12-1,77f0d669-a77c-44cb-b994-41a89d12816f,能源密集產業低碳製程典範案例彙編-鋼鐵業(107年),model_case,107,12,,鋼鐵業,乾式淬火（CDQ）工場改善,節能,餘熱餘能回收,中國鋼鐵,,,已執行,,,,,,"電力產出減少90,168千度/年，中壓蒸汽增加565,538噸/年，合計節能2,182.68 KLOE/年",,,,,,,,,,,,,,,,,,,,
77f0d669-p13-1,77f0d669-a77c-44cb-b994-41a89d12816f,能源密集產業低碳製程典範案例彙編-鋼鐵業(107年),model_case,107,13,,鋼鐵業,第二轉爐煙罩轉爐氣顯熱回收（OG boiler）,節能,餘熱餘能回收,中國鋼鐵,,,已執行,,,,,,"節能2,182 KLOE/年",,,,,,,9454.7,,,,60474,,,,,,,,,
77f0d669-p19-1,77f0d669-a77c-44cb-b994-41a89d12816f,能源密集產業低碳製程典範案例彙編-鋼鐵業(107年),model_case,107,19,,鋼鐵業,蒸汽鍋爐燃料重油改天然氣,燃料,燃料轉換,燁輝企業,,,已執行,,,,,,"CO2排放由4,731降至2,845噸/年；燃料費由26,871.6降至23,814仟元",,,,,,,305.8,,,,1886,,,,,,,,,
77f0d669-p21-1,77f0d669-a77c-44cb-b994-41a89d12816f,能源密集產業低碳製程典範案例彙編-鋼鐵業(107年),model_case,107,21,,鋼鐵業,空壓機改善（變頻控制與數位化調整）,節能,動力系統,燁輝企業,,,已執行,,108.3,,,,,167097,,,,,,,,,,87.2,,,,,,,,,
77f0d669-p22-1,77f0d669-a77c-44cb-b994-41a89d12816f,能源密集產業低碳製程典範案例彙編-鋼鐵業(107年),model_case,107,22,,鋼鐵業,空壓系統：2台600HP取代4台400HP空壓機,節能,動力系統,燁輝企業,,,已執行,,1401,,,,,2775168,,,,,,,,,,1287.5,,,,,,,,,
77f0d669-p26-1,77f0d669-a77c-44cb-b994-41a89d12816f,能源密集產業低碳製程典範案例彙編-鋼鐵業(107年),model_case,107,26,,鋼鐵業,鋼胚直接軋延（電感應加熱）,製程,鋼鐵製程,豐興鋼鐵,,,已執行,,,,,,電弧爐鋼胚約800℃經電感應加熱至900℃直接入軋,,,,,,,,,,,21532,,,,,,,,,
77f0d669-p29-1,77f0d669-a77c-44cb-b994-41a89d12816f,能源密集產業低碳製程典範案例彙編-鋼鐵業(107年),model_case,107,29,,鋼鐵業,條線工場加熱爐重油改天然氣,燃料,燃料轉換,豐興鋼鐵,,,已執行,2017,7000,,,,節省用油614.26 kL/年,,,,614.26,,,1228.5,,,,1911,,,,,,,,,
77f0d669-p30-1,77f0d669-a77c-44cb-b994-41a89d12816f,能源密集產業低碳製程典範案例彙編-鋼鐵業(107年),model_case,107,30,,鋼鐵業,空壓系統製程節能（增設變頻空壓機、ASC監控）,節能,動力系統,豐興鋼鐵,,,已執行,,,,,,單位鋼胚空壓耗電由12.07降至9.88 kWh/T,3634619,,,,,,836,,,,1897,,,,,,,,,
77f0d669-p35-1,77f0d669-a77c-44cb-b994-41a89d12816f,能源密集產業低碳製程典範案例彙編-鋼鐵業(107年),model_case,107,35,steel-electrode,鋼鐵業,EAF電極棒控制系統汰換優化,節能,電力與照明,燁聯鋼鐵,,,已執行,,1100,,,,單位產品用電量降2.6%,8272223,,,,,,1691,,,,4376,,,,,0.65,,,,
77f0d669-p38-1,77f0d669-a77c-44cb-b994-41a89d12816f,能源密集產業低碳製程典範案例彙編-鋼鐵業(107年),model_case,107,38,steel-ladle-preheat,鋼鐵業,盛鋼桶蓄熱式預熱器,節能,餘熱餘能回收,燁聯鋼鐵,,,已執行,,450,,,,"節省天然氣140,892 Nm3/年",,,,,,,167,,,,294,,,,,2.69,,,,
77f0d669-p38-2,77f0d669-a77c-44cb-b994-41a89d12816f,能源密集產業低碳製程典範案例彙編-鋼鐵業(107年),model_case,107,38,,鋼鐵業,空壓系統整併與群控,節能,動力系統,燁聯鋼鐵,,,已執行,,,,,,空壓系統效率由13.79提升至12.84 kWh/100Nm3（約7%）,,,,,,,,,,,,,,,,,,,,
77f0d669-p43-1,77f0d669-a77c-44cb-b994-41a89d12816f,能源密集產業低碳製程典範案例彙編-鋼鐵業(107年),model_case,107,43,,鋼鐵業,加熱爐重油轉換為天然氣,燃料,燃料轉換,中鴻鋼鐵,,,已執行,,516,,,,,,,,,,,,,,,48786,,,,,,,,,"原文：整體投資5,160仟元，抑低CO2排放量48,786噸/年"
77f0d669-p44-1,77f0d669-a77c-44cb-b994-41a89d12816f,能源密集產業低碳製程典範案例彙編-鋼鐵業(107年),model_case,107,44,,鋼鐵業,加熱爐鼓風機加裝永磁式調速連軸器,節能,動力系統,中鴻鋼鐵,,,已執行,,647,,,,,863918,,,,,,,,,,451,,,,,,,,,
77f0d669-p45-1,77f0d669-a77c-44cb-b994-41a89d12816f,能源密集產業低碳製程典範案例彙編-鋼鐵業(107年),model_case,107,45,,鋼鐵業,主馬達冷卻風扇馬達加裝變頻器,節能,動力系統,中鴻鋼鐵,,,已執行,,1800,,,,3組變頻器控制16台冷卻風扇,1375480,,,,,,,,,,718,,,,,,,,,
77f0d669-p55-1,77f0d669-a77c-44cb-b994-41a89d12816f,能源密集產業低碳製程典範案例彙編-鋼鐵業(107年),model_case,107,55,,鋼鐵業,電爐連續加料製程,製程,鋼鐵製程,東和鋼鐵 苗栗廠,,,已執行,,,,,,每噸鋼胚耗電由429降至416 kWh/T,11257605,,,,,,2814.4,,,,5876,,,,,,,,,
77f0d669-p56-1,77f0d669-a77c-44cb-b994-41a89d12816f,能源密集產業低碳製程典範案例彙編-鋼鐵業(107年),model_case,107,56,,鋼鐵業,提升熱進爐溫度（熱胚直送加熱爐）,節能,熱能系統,東和鋼鐵 苗栗廠,,,已執行,,,,,,平均熱進爐溫度由232℃提升至300℃，節省用油375公秉/年,,,,375,,,406.1,,,,1167,,,,,,,,,
77f0d669-p56-2,77f0d669-a77c-44cb-b994-41a89d12816f,能源密集產業低碳製程典範案例彙編-鋼鐵業(107年),model_case,107,56,,鋼鐵業,精練爐鋼液等待時間優化,製程,鋼鐵製程,東和鋼鐵 苗栗廠,,,已執行,,,,,,平均每爐時間由92.5分降至63.7分,1703023,,,,,,391.7,,,,901,,,,,,,,,
77f0d669-p62-1,77f0d669-a77c-44cb-b994-41a89d12816f,能源密集產業低碳製程典範案例彙編-鋼鐵業(107年),model_case,107,62,,鋼鐵業,電弧爐電極臂控制系統改善,節能,電力與照明,榮剛材料科技,,,已執行,,,,,,,11745720,,,,,,,,,,6213,,,,,,,,,
77f0d669-p63-1,77f0d669-a77c-44cb-b994-41a89d12816f,能源密集產業低碳製程典範案例彙編-鋼鐵業(107年),model_case,107,63,,鋼鐵業,汰換老舊空壓機（2台200HP改180HP）,節能,動力系統,榮剛材料科技,,,已執行,,,,,,,190976,,,,,,51.6,,,,101,,,,,,,,,
77f0d669-p64-1,77f0d669-a77c-44cb-b994-41a89d12816f,能源密集產業低碳製程典範案例彙編-鋼鐵業(107年),model_case,107,64,,鋼鐵業,3500T鍛機起停製程節能,節能,能源管理,榮剛材料科技,,,已執行,,,,,,600Hp馬達待機超過30分鐘自動關閉,2148480,,,,,,478.5,,,,1339,,,,,,,,,
4583ff45-p12-1,4583ff45-adda-4e7c-aad3-8bfd17fef644,能源密集產業低碳製程典範案例彙編-石化業(108年),model_case,108,12,petchem-co2-150000,石化業,醋酸廠CO製程（回收CO2製CO生產醋酸）,其他,CCUS,長春石油化學 麥寮廠,,,已執行,,1300000,,,約130億元（整座CO製程，年產27萬噸CO）,,,,,,,,,,,,150000,,,,,,,,,
4583ff45-p12-2,4583ff45-adda-4e7c-aad3-8bfd17fef644,能源密集產業低碳製程典範案例彙編-石化業(108年),model_case,108,12,,石化業,VAM（醋酸乙烯）製程熱整合,節能,餘熱餘能回收,長春石油化學 麥寮廠,,,已執行,,28600,,,,"節省蒸汽75,000噸/年",,,75000,,,,5000,,,,15635,,,,,,,,,
4583ff45-p12-3,4583ff45-adda-4e7c-aad3-8bfd17fef644,能源密集產業低碳製程典範案例彙編-石化業(108年),model_case,108,12,,石化業,冷卻水塔永磁聯軸器,節能,動力系統,長春石油化學 麥寮廠,,,已執行,2014,416,,,416萬元（4台）,,2798000,,,,,,727,,,,2407,,,,,,,,,
4583ff45-p17-1,4583ff45-adda-4e7c-aad3-8bfd17fef644,能源密集產業低碳製程典範案例彙編-石化業(108年),model_case,108,17,ceramic-pump-134,石化業,冷卻水泵浦塗佈陶瓷複合材料（P-6010A/B）,節能,冷卻系統,台灣氯乙烯工業 林園廠,,,已執行,,134,,,,,482000,,,,,,120,,,,254,,,,,1.12,,,,
4583ff45-p17-2,4583ff45-adda-4e7c-aad3-8bfd17fef644,能源密集產業低碳製程典範案例彙編-石化業(108年),model_case,108,17,,石化業,冷卻水泵浦塗佈陶瓷複合材料（P-6010C）,節能,冷卻系統,台灣氯乙烯工業 林園廠,,,已執行,,70,,,,,114000,,,,,,29,,,,60,,,,,2.41,,,,
4583ff45-p18-1,4583ff45-adda-4e7c-aad3-8bfd17fef644,能源密集產業低碳製程典範案例彙編-石化業(108年),model_case,108,18,,石化業,裂解爐廢熱回收（二段式汽包）,節能,餘熱餘能回收,台灣氯乙烯工業 林園廠,,,已執行,,2000,,,,產生4K蒸汽2.4萬噸/年，煙道排氣由330℃降至148℃,,,24000,,,,1920,,,,5177,,,,,1.04,,,,
4583ff45-p19-1,4583ff45-adda-4e7c-aad3-8bfd17fef644,能源密集產業低碳製程典範案例彙編-石化業(108年),model_case,108,19,,石化業,回收4K冷凝水熱能,節能,餘熱餘能回收,台灣氯乙烯工業 林園廠,,,已執行,,2540,,,,節省燃料油878公秉/年,,,,878,,,1054,,,,2734,,,,,2.41,,,,
4583ff45-p28-1,4583ff45-adda-4e7c-aad3-8bfd17fef644,能源密集產業低碳製程典範案例彙編-石化業(108年),model_case,108,28,,石化業,新環己酮製程（酚氫化製程）,製程,化工製程,中國石油化學工業開發 小港廠,,,已執行,2013,76643.5,,,,"年節蒸汽369,516公噸、節電26,376,377 kWh，節約35,513 KLOE",26376377,,369516,,,,195865.7,,,,103578,,,,,,,,,
4583ff45-p28-2,4583ff45-adda-4e7c-aad3-8bfd17fef644,能源密集產業低碳製程典範案例彙編-石化業(108年),model_case,108,28,,石化業,醯胺/硫銨/SA工場跨廠區熱整合,節能,餘熱餘能回收,中國石油化學工業開發 小港廠,,,已執行,,407.5,,,,"年節蒸汽15,333.3公噸，節能1,167 KLOE",,,15333,,,,1256.3,,,,8252,,,,,,,,,
4583ff45-p28-3,4583ff45-adda-4e7c-aad3-8bfd17fef644,能源密集產業低碳製程典範案例彙編-石化業(108年),model_case,108,28,,石化業,DeNOx尾氣熱整合,節能,餘熱餘能回收,中國石油化學工業開發 小港廠,,,已執行,,1950,,,,"年節蒸汽22,680公噸，節能1,726 KLOE",,,22680,,,,1654.7,,,,4488,,,,,,,,,
4583ff45-p28-4,4583ff45-adda-4e7c-aad3-8bfd17fef644,能源密集產業低碳製程典範案例彙編-石化業(108年),model_case,108,28,,石化業,尾氣壓能回收（膨脹透平發電）,節能,餘熱餘能回收,中國石油化學工業開發 小港廠,,,已執行,,13000,,,,"年節電6,921,600 kWh，節能1,719 KLOE",6921600,,,,,,43411.2,,,,3835,,,,,,,,,
4583ff45-p28-5,4583ff45-adda-4e7c-aad3-8bfd17fef644,能源密集產業低碳製程典範案例彙編-石化業(108年),model_case,108,28,,石化業,低溫熱能回收技術,節能,餘熱餘能回收,中國石油化學工業開發 小港廠,,,已執行,,1678,,,,"年節電1,400,000 kWh，節能348 KLOE",1400000,,,,,,280,,,,745,,,,,,,,,投資回報約10年
4583ff45-p36-1,4583ff45-adda-4e7c-aad3-8bfd17fef644,能源密集產業低碳製程典範案例彙編-石化業(108年),model_case,108,36,,石化業,過剩燃料氣外送,燃料,燃料轉換,台塑石化 烯烴二廠,,,已執行,,728.7,,,,"每年減排燃料氣達19,671噸",,,,,,,17810,,,,52697,,,,,0.04,,,,
4583ff45-p36-2,4583ff45-adda-4e7c-aad3-8bfd17fef644,能源密集產業低碳製程典範案例彙編-石化業(108年),model_case,108,36,,石化業,製程水循環系統能源整合再利用,節能,餘熱餘能回收,台塑石化 烯烴二廠,,,已執行,,1171.4,,,,節省蒸汽5.1 T/H,,,,,,,3235.4,,,,12126,,,,,0.36,,,,
4583ff45-p36-3,4583ff45-adda-4e7c-aad3-8bfd17fef644,能源密集產業低碳製程典範案例彙編-石化業(108年),model_case,108,36,,石化業,新增小容量空氣壓縮機,節能,動力系統,台塑石化 烯烴二廠,,,已執行,,1666.2,,,,節省用電263.52度/H,,,,,,,464.45,,,,1864.04,,,,,3.59,,,,
4583ff45-p40-1,4583ff45-adda-4e7c-aad3-8bfd17fef644,能源密集產業低碳製程典範案例彙編-石化業(108年),model_case,108,40,,石化業,提升EG冷卻水泵（P813）泵浦效率（葉輪改善）,節能,動力系統,南亞塑膠 乙二醇廠,,,已執行,,2478.5,,,,四廠合計節電867度/小時,,,,,,,1671.4,,,,,,,,,1.5,,,,
4583ff45-p41-1,4583ff45-adda-4e7c-aad3-8bfd17fef644,能源密集產業低碳製程典範案例彙編-石化業(108年),model_case,108,41,,石化業,冷卻水塔更換高效能CFRP葉片,節能,冷卻系統,南亞塑膠 乙二醇廠,,,已執行,2015,2250,,,,三廠合計節電931度/小時；風車重量由70公斤減為50公斤,,,,,,,1794.8,,,,,,,,,1.3,,,,
4583ff45-p42-1,4583ff45-adda-4e7c-aad3-8bfd17fef644,能源密集產業低碳製程典範案例彙編-石化業(108年),model_case,108,42,,石化業,加大反應器進料預熱器換熱面積（E-111）,節能,餘熱餘能回收,南亞塑膠 乙二醇廠,,,已執行,2015,10765.6,,,,"換熱面積由4,414擴大至8,734 m2，節省蒸汽8.2噸/小時",,,,,,,4753.2,,,,,,,,,2.26,,,,
4583ff45-p43-1,4583ff45-adda-4e7c-aad3-8bfd17fef644,能源密集產業低碳製程典範案例彙編-石化業(108年),model_case,108,43,,石化業,引進水渦輪發電技術,節能,餘熱餘能回收,南亞塑膠 乙二醇廠,,,規劃中,,2300,,,,預計發電量每小時445度,,,,,,,,,,,,,,,,,,,,
4583ff45-p49-1,4583ff45-adda-4e7c-aad3-8bfd17fef644,能源密集產業低碳製程典範案例彙編-石化業(108年),model_case,108,49,,石化業,冷卻水塔風車夏季節電改善（變極馬達）,節能,冷卻系統,台灣化學纖維 化二部合成酚廠,,,已執行,2018,530,,,,夏季節電118.3 kWh/hr,,,,,,,75,,,,287,,,,,7.1,,,,
4583ff45-p50-1,4583ff45-adda-4e7c-aad3-8bfd17fef644,能源密集產業低碳製程典範案例彙編-石化業(108年),model_case,108,50,,石化業,高溫氧化器引風車加裝永磁調速機,節能,動力系統,台灣化學纖維 化二部合成酚廠,,,已執行,2017,233.5,,,,引風車電力由228降至195 kWh/hr,,,,,,,58,,,,223,,,,,4,,,,
4583ff45-p50-2,4583ff45-adda-4e7c-aad3-8bfd17fef644,能源密集產業低碳製程典範案例彙編-石化業(108年),model_case,108,50,,石化業,燃料熱能取代電能（熱媒鍋爐取代電熱）,燃料,燃料轉換,台灣化學纖維 化二部合成酚廠,,,已執行,2018,616.2,,,,少用電900 kWh/hr，燃料增用0.085 KL/hr,,,,,,,767.3,,,,4376,,,,,1,,,,
4583ff45-p51-1,4583ff45-adda-4e7c-aad3-8bfd17fef644,能源密集產業低碳製程典範案例彙編-石化業(108年),model_case,108,51,,石化業,增設低壓蒸汽發電機組,節能,餘熱餘能回收,台灣化學纖維 化二部合成酚廠,,,已執行,2018,2257.6,,,,,,,,,,,164.6,,,夏月節電效益,662,,,,,13.7,,,,
4583ff45-p51-2,4583ff45-adda-4e7c-aad3-8bfd17fef644,能源密集產業低碳製程典範案例彙編-石化業(108年),model_case,108,51,,石化業,製程低溫反應熱回收（E-112C）,節能,餘熱餘能回收,台灣化學纖維 化二部合成酚廠,,,規劃中,,5470,,,,蒸汽節省8噸/時,,,,,,,4553.6,,,,20374,,,,,1.2,,,,
4583ff45-p56-1,4583ff45-adda-4e7c-aad3-8bfd17fef644,能源密集產業低碳製程典範案例彙編-石化業(108年),model_case,108,56,,石化業,PPI B列製粒機更新改善,製程,化工製程,台塑 林園聚丙烯廠,,,已執行,2016,15000,,,,"年節電7,510千度",7510000,,,,,,7345.4,,,,,,,,,2.1,,,,
4583ff45-p57-1,4583ff45-adda-4e7c-aad3-8bfd17fef644,能源密集產業低碳製程典範案例彙編-石化業(108年),model_case,108,57,,石化業,PPII B列製粒機更新改善,製程,化工製程,台塑 林園聚丙烯廠,,,已執行,2016,9578.8,,,,"年節電4,290千度",4290000,,,,,,5567.9,,,,,,,,,1.7,,,,
4583ff45-p57-2,4583ff45-adda-4e7c-aad3-8bfd17fef644,能源密集產業低碳製程典範案例彙編-石化業(108年),model_case,108,57,,石化業,PPI庚烷回收區泵浦沖洗液改善,節能,熱能系統,台塑 林園聚丙烯廠,,,已執行,2015,200,,,,"年節能量1,607公秉油當量",,,,,,,1481.4,,,,,,,,,0.14,,,,
d4eceaf9-p8-1,d4eceaf9-538c-468b-9e6c-c2d8d65c6d3e,能源密集產業低碳製程典範案例彙編-半導體業(108年),model_case,108,8,,半導體業,機台內部一般排氣（GEX）抽氣最佳化,節能,空調系統,台積公司 F12B廠,,,已執行,,,,,,風管調節閥壓力由300Pa降至150Pa，風速平均減少40%以上,580960,,,,,,,,,,,,,,,,,,,
d4eceaf9-p10-1,d4eceaf9-538c-468b-9e6c-c2d8d65c6d3e,能源密集產業低碳製程典範案例彙編-半導體業(108年),model_case,108,10,,半導體業,機台製程熱水供應系統適當關閉,節能,能源管理,台積公司 F12B廠,,,已執行,,,,,,"關閉約12台熱水供應系統，能耗由3,326 MWh降至522.4 MWh（-85%）",2803600,,,,,,,,,,,,,,,,,,,
d4eceaf9-p11-1,d4eceaf9-538c-468b-9e6c-c2d8d65c6d3e,能源密集產業低碳製程典範案例彙編-半導體業(108年),model_case,108,11,,半導體業,不斷電系統（UPS）節能模式（ESS mode）,節能,電力與照明,台積公司 F12B廠,,,已執行,,,,,,340台UPS導入節能模式，效率提升約6%,31800000,,,,,,,,,,,,,,,,,,,
d4eceaf9-p16-1,d4eceaf9-538c-468b-9e6c-c2d8d65c6d3e,能源密集產業低碳製程典範案例彙編-半導體業(108年),model_case,108,16,,半導體業,化學氣相沉積設備排氣風量減量（停用UV燈預熱）,製程,半導體製程,台積公司 F14B廠,,,已執行,,,,,,,400000,,,,,,,,,,200,,,,,,,,,
d4eceaf9-p18-1,d4eceaf9-538c-468b-9e6c-c2d8d65c6d3e,能源密集產業低碳製程典範案例彙編-半導體業(108年),model_case,108,18,,半導體業,蝕刻製程冷卻水（PCW）減量,節能,冷卻系統,台積公司 F14B廠,,,已執行,,,,,,每台機台減少製程冷卻水約206 LPM,1690000,,,,,,,,,,128,,,,,,,,,原文減碳量128公噸與節電量換算不一致，依原文記錄
d4eceaf9-p19-1,d4eceaf9-538c-468b-9e6c-c2d8d65c6d3e,能源密集產業低碳製程典範案例彙編-半導體業(108年),model_case,108,19,,半導體業,電鍍銅機台超純水減量,製程,半導體製程,台積公司 F14B廠,,,已執行,,,,,,超純水由持續排放36 LPM/台改為使用前預流,2520000,,,,,,,,,,1337,,,,,,,,,
d4eceaf9-p20-1,d4eceaf9-538c-468b-9e6c-c2d8d65c6d3e,能源密集產業低碳製程典範案例彙編-半導體業(108年),model_case,108,20,,半導體業,人工智慧冰水系統最佳化節能控制,節能,冷卻系統,台積公司 F14B廠,,,已執行,,174,,,,節能效益8~17%,32000000,,,,,,,,,,17888,,,,,,,,,
d4eceaf9-p25-1,d4eceaf9-538c-468b-9e6c-c2d8d65c6d3e,能源密集產業低碳製程典範案例彙編-半導體業(108年),model_case,108,25,semi-vsdair-370,半導體業,增設廠內變頻空壓機,節能,動力系統,聯華電子 Fab8E廠,,,已執行,,370,,,,,686565,,,,,,158,,,,366,,,,0.533,2.3,,,,
d4eceaf9-p27-1,d4eceaf9-538c-468b-9e6c-c2d8d65c6d3e,能源密集產業低碳製程典範案例彙編-半導體業(108年),model_case,108,27,,半導體業,不斷電系統（UPS）汰舊換新,節能,電力與照明,聯華電子 Fab8E廠,,,已執行,,9010,,,"約9,010萬元（汰換25台，2014~2022）",效率提升7~9%,4737058,,,,,,1090,,,,2624,,,,0.533,8.27,,,,
d4eceaf9-p28-1,d4eceaf9-538c-468b-9e6c-c2d8d65c6d3e,能源密集產業低碳製程典範案例彙編-半導體業(108年),model_case,108,28,,半導體業,製程冷卻水（PCW）更換IE4節能馬達,節能,動力系統,聯華電子 Fab8E廠,,,已執行,,300,,,,,,,,,,,109.8,,,,264.5,,,,,2.73,,,,
d4eceaf9-p33-1,d4eceaf9-538c-468b-9e6c-c2d8d65c6d3e,能源密集產業低碳製程典範案例彙編-半導體業(108年),model_case,108,33,,半導體業,冰機添加冷媒活化劑（FRIGAID）,節能,冷卻系統,旺宏電子 晶圓五廠,,,已執行,,40.5,,,,,141883,,,,,,33.6,,,,74,,,,0.521,1.2,,,,
d4eceaf9-p34-1,d4eceaf9-538c-468b-9e6c-c2d8d65c6d3e,能源密集產業低碳製程典範案例彙編-半導體業(108年),model_case,108,34,,半導體業,潔淨室PHOTO區FFU運轉節能,節能,空調系統,旺宏電子 晶圓五廠,,,已執行,,,,,,,147168,,,,,,34.9,,,,77,,,,0.521,0,,,立即回收（運轉調整，內部執行）,
d4eceaf9-p34-2,d4eceaf9-538c-468b-9e6c-c2d8d65c6d3e,能源密集產業低碳製程典範案例彙編-半導體業(108年),model_case,108,34,,半導體業,外氣空調箱（OAC）風管修改整合,節能,空調系統,旺宏電子 晶圓五廠,,,已執行,,25,,,,,304650,,,,,,72.2,,,,158,,,,0.521,0.35,,,,
d4eceaf9-p35-1,d4eceaf9-538c-468b-9e6c-c2d8d65c6d3e,能源密集產業低碳製程典範案例彙編-半導體業(108年),model_case,108,35,,半導體業,機台廢熱再循環,節能,餘熱餘能回收,旺宏電子 晶圓五廠,,,已執行,,70,,,,,2435609,,,,,,577,,,,1269,,,,0.521,0.12,,,,
d4eceaf9-p36-1,d4eceaf9-538c-468b-9e6c-c2d8d65c6d3e,能源密集產業低碳製程典範案例彙編-半導體業(108年),model_case,108,36,,半導體業,冷卻水塔高效扇葉,節能,冷卻系統,旺宏電子 晶圓五廠,,,已執行,,,,,,風量提升1.83%、耗電量下降26.34%,,,,,,,31.8,,,,,,,,,1.2,,,,
d4eceaf9-p41-1,d4eceaf9-538c-468b-9e6c-c2d8d65c6d3e,能源密集產業低碳製程典範案例彙編-半導體業(108年),model_case,108,41,semi-k7-airheat,半導體業,空壓機廢熱回收再利用（取代空調電熱器）,節能,餘熱餘能回收,日月光半導體 K7廠,,,已執行,,156.2,,,,,698052,,,,,,188.5,,,,,,,,,,,,,
d4eceaf9-p42-1,d4eceaf9-538c-468b-9e6c-c2d8d65c6d3e,能源密集產業低碳製程典範案例彙編-半導體業(108年),model_case,108,42,,半導體業,吸附式乾燥機節能改善（外熱式）,節能,動力系統,日月光半導體 K7廠,,,已執行,,153,,,,,334152,,,,,,83.5,,,,178,,,,,,,,,
d4eceaf9-p43-1,d4eceaf9-538c-468b-9e6c-c2d8d65c6d3e,能源密集產業低碳製程典範案例彙編-半導體業(108年),model_case,108,43,,半導體業,無塵室FFU機組汰換（AC改DC無刷）,節能,空調系統,日月光半導體 K7廠,,,已執行,,123.2,,,單一樓層整修預算約123.2萬元（能源局補助300萬元）,"單一樓層（約1,000台）年節省92.8萬度電",928000,,,,,,250,,,,,,,,,,,,,
d4eceaf9-p48-1,d4eceaf9-538c-468b-9e6c-c2d8d65c6d3e,能源密集產業低碳製程典範案例彙編-半導體業(108年),model_case,108,48,,半導體業,操作優化管制（水洗機雙噴洗馬達整併）,節能,能源管理,日月光半導體 K11廠,,,已執行,,,,,,25座機台各關閉1顆噴洗泵浦,760000,,,,,,,,,,,,,,,,,,,
d4eceaf9-p48-2,d4eceaf9-538c-468b-9e6c-c2d8d65c6d3e,能源密集產業低碳製程典範案例彙編-半導體業(108年),model_case,108,48,,半導體業,鼓風機廢熱回收（取代加熱器）,節能,餘熱餘能回收,日月光半導體 K11廠,,,已執行,,,,,,,995000,,,,,,307.8,,,,,,,,,,,,,
d4eceaf9-p49-1,d4eceaf9-538c-468b-9e6c-c2d8d65c6d3e,能源密集產業低碳製程典範案例彙編-半導體業(108年),model_case,108,49,,半導體業,3190水洗機熱回收（板式熱交換器）,節能,餘熱餘能回收,日月光半導體 K11廠,,,已執行,,,,,,6台設備改善,4880000,,,,,,,,,,,,,,,,,,,
d4eceaf9-p50-1,d4eceaf9-538c-468b-9e6c-c2d8d65c6d3e,能源密集產業低碳製程典範案例彙編-半導體業(108年),model_case,108,50,,半導體業,空調供應智能化（冰水溫度、FFU、抽氣最佳化）,節能,空調系統,日月光半導體 K11廠,,,已執行,,,,,,"冰水溫度由6.5℃調升至9.2℃，關閉3,503台FFU；冰水機128萬度、FFU 395萬度、抽氣32萬度",5550000,,,,,,56,,,冰水溫度調整節省電費約56萬元/年,,,,,,,,,,
9d92826b-p10-1,9d92826b-cbdd-456a-96e2-34c8e597ca55,能源密集產業低碳製程典範案例彙編-紡織業(109年),model_case,109,10,,紡織業,製帳廠蒸餾塔廢熱回收再利用（廢蒸汽供製程）,節能,餘熱餘能回收,南亞塑膠 工三廠,,,已執行,,115.8,,,"總投資經費1,158仟元（含蒸餾塔、配管、保溫）",回收廢蒸汽量81公噸/年；廢水COD減量186.624公噸/年,,,,,,,101.6,,,"實際年效益1,016仟元",,,,,,1.14,,,,
9d92826b-p12-1,9d92826b-cbdd-456a-96e2-34c8e597ca55,能源密集產業低碳製程典範案例彙編-紡織業(109年),model_case,109,12,,紡織業,廢水濃縮污泥減量（調整pH提升脫水效率）,其他,資源循環與環保,南亞塑膠 工三廠,,,已執行,,,,,,污泥產生量由105.9降至78.7公噸/月，節省藥劑,,,,,,,104.7,,,"年效益1,046.8仟元",,,,,,,,,,廢棄物減量案例，未計減碳
9d92826b-p19-1,9d92826b-cbdd-456a-96e2-34c8e597ca55,能源密集產業低碳製程典範案例彙編-紡織業(109年),model_case,109,19,,紡織業,廠內傳統燈具改為自動感應LED燈,節能,電力與照明,大統新創,,,已執行,,,,,,,203995,,,,,,57.1,,,,113,,,,0.554,,,,,
9d92826b-p19-2,9d92826b-cbdd-456a-96e2-34c8e597ca55,能源密集產業低碳製程典範案例彙編-紡織業(109年),model_case,109,19,,紡織業,落地型空調箱改為滿溢式冰水主機,節能,空調系統,大統新創,,,已執行,,,,,,獲經濟部工業局2019年低碳科技應用補助50萬元,272554,,,,,,76.3,,,,145,,,,0.554,,,,,
9d92826b-p18-1,9d92826b-cbdd-456a-96e2-34c8e597ca55,能源密集產業低碳製程典範案例彙編-紡織業(109年),model_case,109,18,,紡織業,高溫染色機節能汰換（13台低浴比染色機）,製程,紡織染整製程,大統新創,,,已執行,,2018,,,"計畫總經費2,018萬元（促成投資額5,617萬元）",浴比由1:13.9降至1:6.7，節水48%並減少蒸汽,,,,,,,481,,,,2740,,,"減碳量2,740公噸（計畫期間）",,4.7,,,,獲經濟部工業局2017年低碳科技應用補助
9d92826b-p25-1,9d92826b-cbdd-456a-96e2-34c8e597ca55,能源密集產業低碳製程典範案例彙編-紡織業(109年),model_case,109,25,,紡織業,染色機冷卻水回收分流（溫度探測分流）,節能,餘熱餘能回收,福懋興業,,,已執行,,31.5,,,,節省冷原水61.83 T/日、蒸汽1.429 T/天,,,,,,,56,,,,,,,,,0.55,,,6~7個月,
9d92826b-p26-1,9d92826b-cbdd-456a-96e2-34c8e597ca55,能源密集產業低碳製程典範案例彙編-紡織業(109年),model_case,109,26,,紡織業,定頻螺旋空壓機汰換為高效率變頻螺旋式空壓機,節能,動力系統,福懋興業,,,已執行,,118.4,,,,2台100hp定頻機改2台50hp變頻機,,,,,,,48.6,,,,,,,,,2.44,,,,
9d92826b-p28-1,9d92826b-cbdd-456a-96e2-34c8e597ca55,能源密集產業低碳製程典範案例彙編-紡織業(109年),model_case,109,28,,紡織業,污泥乾燥減量（加裝真空盤式污泥乾燥機）,其他,資源循環與環保,福懋興業,,,已執行,,,,,,污泥由870公噸/月（含水82%）降至270公噸/月（含水32%），減量69%,,,,,,,420,,,,,,,,,,,,,廢棄物處理費節省，未計減碳
9d92826b-p33-1,9d92826b-cbdd-456a-96e2-34c8e597ca55,能源密集產業低碳製程典範案例彙編-紡織業(109年),model_case,109,33,,紡織業,智慧空調控制系統,節能,空調系統,遠東新世紀 湖口紡織廠,,,已執行,,660,,,,節電率20%，年節電133.6萬度,1336000,,,,,,293.9,,,,712,,,,0.554,2.2,,,,
9d92826b-p34-1,9d92826b-cbdd-456a-96e2-34c8e597ca55,能源密集產業低碳製程典範案例彙編-紡織業(109年),model_case,109,34,,紡織業,除塵管路變頻控制（8套變頻器及插板閥）,節能,動力系統,遠東新世紀 湖口紡織廠,,,已執行,,105,,,,節電率36%，年節電23.8萬度,238000,,,,,,52.4,,,,127,,,,0.554,2,,,,
9d92826b-p35-1,9d92826b-cbdd-456a-96e2-34c8e597ca55,能源密集產業低碳製程典範案例彙編-紡織業(109年),model_case,109,35,,紡織業,空調/回風機改裝永磁馬達,節能,動力系統,遠東新世紀 湖口紡織廠,,,已執行,,540,,,,144顆馬達汰換，節電率10%，年節電115.5萬度,1155000,,,,,,254,,,,615,,,,0.554,2.1,,,,
9d92826b-p40-1,9d92826b-cbdd-456a-96e2-34c8e597ca55,能源密集產業低碳製程典範案例彙編-紡織業(109年),model_case,109,40,,紡織業,循環流體化床蒸汽鍋爐（污泥作為輔助燃料）,燃料,替代燃料,力鵬企業 楊梅廠,,,已執行,,,,,,污泥乾燥後作為流體化床鍋爐輔助燃料，污泥減量75%，鍋爐熱效率92%,,,,,,,,,,,,,,,,,,,,未列投資與減碳量
9d92826b-p42-1,9d92826b-cbdd-456a-96e2-34c8e597ca55,能源密集產業低碳製程典範案例彙編-紡織業(109年),model_case,109,42,,紡織業,熱媒油循環泵加裝永磁軸聯器,節能,動力系統,力鵬企業 楊梅廠,,,已執行,,43,,,,降速16%，節能率33%,,,,,,,133.7,,,,322,,,,0.554,0.32,,,約3.9月,
9d92826b-p42-2,9d92826b-cbdd-456a-96e2-34c8e597ca55,能源密集產業低碳製程典範案例彙編-紡織業(109年),model_case,109,42,,紡織業,織布廠冰水系統加裝變頻,節能,冷卻系統,力鵬企業 楊梅廠,,,已執行,,,,,,,,,,,,,105.2,,,,,,,,,,,,,"年效益1,051,816元；未列投資"
9d92826b-p43-1,9d92826b-cbdd-456a-96e2-34c8e597ca55,能源密集產業低碳製程典範案例彙編-紡織業(109年),model_case,109,43,,紡織業,織布廠照明更換LED平板燈,節能,電力與照明,力鵬企業 楊梅廠,,,已執行,,,,,,600盞T5燈具更換LED，節電率68%,,,,,,,62.9,,,,,,,,,,,,,
9d92826b-p48-1,9d92826b-cbdd-456a-96e2-34c8e597ca55,能源密集產業低碳製程典範案例彙編-紡織業(109年),model_case,109,48,,紡織業,聚酯製程離心式冰水主機汰換為磁浮式,節能,冷卻系統,新光合成纖維 中壢廠,,,已執行,2019,1300,,,"1,300萬元（包括主機、管路線路等）",效率提升49.1%,,,,,,,407,,,,986,,,,,3.2,,,,
9d92826b-p49-1,9d92826b-cbdd-456a-96e2-34c8e597ca55,能源密集產業低碳製程典範案例彙編-紡織業(109年),model_case,109,49,,紡織業,廢水處理鼓風機由魯式改氣浮式,節能,動力系統,新光合成纖維 中壢廠,,,已執行,2019,200,,,,效率提升26.9%,,,,,,,51,,,,124,,,,,3.9,,,,
9d92826b-p50-1,9d92826b-cbdd-456a-96e2-34c8e597ca55,能源密集產業低碳製程典範案例彙編-紡織業(109年),model_case,109,50,,紡織業,聚合切粒水增設前置冷卻器（冷卻水板式熱交換）,節能,冷卻系統,新光合成纖維 中壢廠,,,已執行,,195.8,,,,,,,,,,,750,,,,174,,,,,0.26,,,,
9d92826b-p51-1,9d92826b-cbdd-456a-96e2-34c8e597ca55,能源密集產業低碳製程典範案例彙編-紡織業(109年),model_case,109,51,,紡織業,增設變頻式空壓機穩壓節電,節能,動力系統,新光合成纖維 中壢廠,,,已執行,,2192,,,,,,,,,,,480,,,,112,,,,,4.56,,,,
d66c0f4b-p16-1,d66c0f4b-6a23-4965-af80-84cd7894ee41,能源密集產業低碳製程典範案例彙編(112年),model_case,112,16,,半導體業,冰機一對多清洗球節能專案（冷凝器自動清洗球）,節能,冷卻系統,日月光半導體 K21廠,,,已執行,,560,,,,,2100000,,,,,,666,,,,1040,,,,0.495,0.8,,,,
d66c0f4b-p17-1,d66c0f4b-6a23-4965-af80-84cd7894ee41,能源密集產業低碳製程典範案例彙編(112年),model_case,112,17,,半導體業,含氟碳化物原料取代（氧氣取代CF4）,製程,原料替代,日月光半導體 K21廠,,,已執行,,380,,,,"每年氧氣可取代約2,900公噸CF4",,,,,,,290,,,以內部碳定價計算,3540,,,,,0.8,,,,
d66c0f4b-p18-1,d66c0f4b-6a23-4965-af80-84cd7894ee41,能源密集產業低碳製程典範案例彙編(112年),model_case,112,18,,半導體業,焊劑清洗（Flux clean）熱回收（板式熱交換器）,節能,餘熱餘能回收,日月光半導體 K21廠,,,已執行,,600,,,,,1500000,,,,,,330,,,,743,,,,0.495,1.8,,,,
d66c0f4b-p26-1,d66c0f4b-6a23-4965-af80-84cd7894ee41,能源密集產業低碳製程典範案例彙編(112年),model_case,112,26,,石化業,冷卻水塔水力分析與水泵效率最佳化,節能,冷卻系統,長春石油化學 苗栗廠,,,已執行,,850,,,,泵浦段數二段改一段（四台合計）,3008194,,,,,,707,,,,1489,,,,0.495,1.2,,,,
d66c0f4b-p28-1,d66c0f4b-6a23-4965-af80-84cd7894ee41,能源密集產業低碳製程典範案例彙編(112年),model_case,112,28,,石化業,再生能源沼氣發電工程,其他,再生能源,長春石油化學 苗栗廠,,,已執行,,4350,,,,,1667400,,,,,,392,,,,825,,,,0.495,11.1,,,,
d66c0f4b-p29-1,d66c0f4b-6a23-4965-af80-84cd7894ee41,能源密集產業低碳製程典範案例彙編(112年),model_case,112,29,,石化業,製程冷凍機汰舊換新（螺桿式改離心式）,節能,冷卻系統,長春石油化學 苗栗廠,,,已執行,,600,,,,27年老舊冷凍機效能0.828 kW/RT,1072051,,,,,,252,,,,531,,,,0.495,2.4,,,,
d66c0f4b-p30-1,d66c0f4b-6a23-4965-af80-84cd7894ee41,能源密集產業低碳製程典範案例彙編(112年),model_case,112,30,,石化業,汽電廠鍋爐P.A. Fan風機馬達汰舊換新,節能,動力系統,長春石油化學 苗栗廠,,,已執行,,1300,,,,風機功率由320 kW調降為120 kW，節電率約44%（三台合計）,1557360,,,,,,392,,,,771,,,,0.495,3.3,,,,
d66c0f4b-p39-1,d66c0f4b-6a23-4965-af80-84cd7894ee41,能源密集產業低碳製程典範案例彙編(112年),model_case,112,39,,光電業,空壓機（CDA）多感測器監控運轉最佳化,節能,動力系統,友達光電 台中分公司,,,已執行,,,,,,"裝置30多種感測器，L8A廠區年節電4,237,000度",4237000,,,,,,932,,,,2097,,,,0.495,,,,,未列投資金額
d66c0f4b-p40-1,d66c0f4b-6a23-4965-af80-84cd7894ee41,能源密集產業低碳製程典範案例彙編(112年),model_case,112,40,,光電業,冰機3.0冷卻水塔最佳化（AI控制）,節能,冷卻系統,友達光電 台中分公司,,,已執行,,1300,,,,,235890,,,,,,52,,,效益欄位原圖誤植，依內文每年節省電費約52萬元,117,,,,0.495,,,,,"投入資源1,300萬元與效益差距大，原文如此"
d66c0f4b-p41-1,d66c0f4b-6a23-4965-af80-84cd7894ee41,能源密集產業低碳製程典範案例彙編(112年),model_case,112,41,,光電業,外氣空調箱（MAU）機差平衡AI調整,節能,空調系統,友達光電 台中分公司,,,已執行,,,,,,,56970,,,,,,13,,,,28,,,,0.495,,,,,未列投資金額
d66c0f4b-p51-1,d66c0f4b-6a23-4965-af80-84cd7894ee41,能源密集產業低碳製程典範案例彙編(112年),model_case,112,51,,紡織業,高溫高壓低浴比染色機,製程,紡織染整製程,尚益染整加工,,,已執行,,350,,,,節省蒸汽效益102萬元/年、增加用電10萬元/年,,,,,,,92,,,,236,,,節省蒸汽260－增加用電24（大園汽電電力係數0.809、蒸汽0.280）,,3.7,,,,
d66c0f4b-p52-1,d66c0f4b-6a23-4965-af80-84cd7894ee41,能源密集產業低碳製程典範案例彙編(112年),model_case,112,52,,紡織業,經軸染色機汰舊換新（600公斤改100公斤節能型）,製程,紡織染整製程,尚益染整加工,,,已執行,,270,,,,節省蒸汽507公噸/年,,,507,,,,32,,,,135,,,,,8.6,,,,
d66c0f4b-p54-1,d66c0f4b-6a23-4965-af80-84cd7894ee41,能源密集產業低碳製程典範案例彙編(112年),model_case,112,54,,紡織業,熱媒油加熱定型機改蒸汽加熱,燃料,燃料轉換,尚益染整加工,,,已執行,,700,,,,"節省燃煤（8,772 tCO2e）、增加用電（660）與蒸汽（8,816）",,,,,,,-428,,,增加成本支出428萬元/年,616,,,,,,,,,屬減碳但增加營運成本之案例
d66c0f4b-p61-1,d66c0f4b-6a23-4965-af80-84cd7894ee41,能源密集產業低碳製程典範案例彙編(112年),model_case,112,61,,造紙業,提升透平（Turbine）發電機發電效率,節能,熱能系統,正隆 大園廠,,,已執行,,1271,,,,每公噸蒸汽發電量由132.93提升至135.57 kWh,1240340,,,,,,310,,,,614,,,,0.495,4.1,,,,
d66c0f4b-p63-1,d66c0f4b-6a23-4965-af80-84cd7894ee41,能源密集產業低碳製程典範案例彙編(112年),model_case,112,63,,造紙業,廢水沼氣發電機組設置,其他,再生能源,正隆 大園廠,,,已執行,,14162,,,,,12508000,,,,,,6479,,,,6191,,,,0.495,2.2,,,,
d66c0f4b-p65-1,d66c0f4b-6a23-4965-af80-84cd7894ee41,能源密集產業低碳製程典範案例彙編(112年),model_case,112,65,,造紙業,一號機網部Turbo Blower節能真空系統改善,節能,動力系統,正隆 大園廠,,,已執行,,2165,,,,年節電百分比48.63%,2084700,,,,,,628,,,,1032,,,,0.495,3.6,,,,
d66c0f4b-p70-1,d66c0f4b-6a23-4965-af80-84cd7894ee41,能源密集產業低碳製程典範案例彙編(112年),model_case,112,70,,鋼鐵業,燒結工場廢熱回收設備最適化調度（10 kW ORC、汽電共生）,節能,餘熱餘能回收,中龍鋼鐵,,,已執行,,1245,,,,,16578792,,,,,,415,,,,8207,,,,0.495,3.1,,,,
d66c0f4b-p71-1,d66c0f4b-6a23-4965-af80-84cd7894ee41,能源密集產業低碳製程典範案例彙編(112年),model_case,112,71,,鋼鐵業,熱軋粗軋機主馬達冷卻風扇加裝變頻器,節能,動力系統,中龍鋼鐵,,,已執行,,2568,,,,,1588289,,,,,,383,,,,786,,,,0.495,6.7,,,,
d66c0f4b-p72-1,d66c0f4b-6a23-4965-af80-84cd7894ee41,能源密集產業低碳製程典範案例彙編(112年),model_case,112,72,,鋼鐵業,轉爐氣（LDG）智能化輸出調整系統,節能,能源管理,中龍鋼鐵,,,已執行,,367,,,,"減少LDG排放量28,957,982 Nm3/年",,,,,,,4564,,,,9270,,,,,,,,,"原圖效益欄誤植為案例二數值，依內文：減碳9,270公噸、節省4,564萬元/年"
d66c0f4b-p73-1,d66c0f4b-6a23-4965-af80-84cd7894ee41,能源密集產業低碳製程典範案例彙編(112年),model_case,112,73,,鋼鐵業,屋頂與浮動式太陽光電,其他,再生能源,中龍鋼鐵,,,已執行,,,,,,"設置容量11,000 kWp，每年創造超過1,600萬度綠能，節省約7,000萬元電費",16000000,,,,,,7000,,,,,,,,,,,,,未列投資與減碳量
d66c0f4b-p80-1,d66c0f4b-6a23-4965-af80-84cd7894ee41,能源密集產業低碳製程典範案例彙編(112年),model_case,112,80,,塑膠業,高效率生物處理暨過濾製程回收水系統,其他,資源循環與環保,華夏海灣塑膠 頭份總廠,,,已執行,,2400,,,,"2020~2022年合計回收水350,800公噸",,,,,,,,,,,,,,,,,,,,節水案例，無減碳量
d66c0f4b-p81-1,d66c0f4b-6a23-4965-af80-84cd7894ee41,能源密集產業低碳製程典範案例彙編(112年),model_case,112,81,,塑膠業,液鹼蒸發罐更新（二效改三效板式熱交換）,節能,熱能系統,華夏海灣塑膠 頭份總廠,,,已執行,,3700,,,,,,,,,,,,,,,3148,,,,,,,,,"已申請環境部溫室氣體抵換專案，預估十年可取得31,480公噸抵換額度"
d66c0f4b-p82-1,d66c0f4b-6a23-4965-af80-84cd7894ee41,能源密集產業低碳製程典範案例彙編(112年),model_case,112,82,,塑膠業,冷凍水系統改善（內外循環＋變頻）,節能,冷卻系統,華夏海灣塑膠 頭份總廠,,,已執行,,2165,,,,,617364,,,,,,185,,,,306,,,,0.495,11.7,,,,
d66c0f4b-p84-1,d66c0f4b-6a23-4965-af80-84cd7894ee41,能源密集產業低碳製程典範案例彙編(112年),model_case,112,84,,塑膠業,活性碳流體化床VOCs防制設備（排風機變頻）,其他,資源循環與環保,華夏海灣塑膠 頭份總廠,,,已執行,,7300,,,,"排風量由1,100降至800 CMM",89544,,,,,,27,,,,44,,,,0.495,,,,,主要為空污防制投資，節能為附帶效益
